sentid,sentence
μηχανικός.πελάτης.0.male.txt,Μηχανικός πληροφόρησε πελάτη ότι του δόθηκε άδεια ανέγερσης.
μηχανικός.πελάτης.0.female.txt,Μηχανικός πληροφόρησε πελάτη ότι της δόθηκε άδεια ανέγερσης.
μηχανικός.πελάτης.1.male.txt,Πελάτης πληροφορήθηκε από μηχανικό ότι του δόθηκε άδεια ανέγερσης.
μηχανικός.πελάτης.1.female.txt,Πελάτης πληροφορήθηκε από μηχανικό ότι της δόθηκε άδεια ανέγερσης.
ρεσεψιονίστ.ένοικος.0.male.txt,Ρεσεψιονίστ έδωσε πληροφορίες σε ένοικο για νέα εστιατόρια στην περιοχή του.
ρεσεψιονίστ.ένοικος.0.female.txt,Ρεσεψιονίστ έδωσε πληροφορίες σε ένοικο για νέα εστιατόρια στην περιοχή της.
ρεσεψιονίστ.ένοικος.1.male.txt,Ένοικος ρώτησε ρεσεψιονίστ για νέα εστιατόρια στην περιοχή του.
ρεσεψιονίστ.ένοικος.1.female.txt,Ένοικος ρώτησε ρεσεψιονίστ για νέα εστιατόρια στην περιοχή της.
υπάλληλος_επιστασίας.παιδί.0.male.txt,Υπάλληλος επιστασίας προειδοποίησε παιδί να μην πατήσει στο βρεγμένο πάτωμα της τάξης του γιατί θα χρειαστεί να σφουγγαρίσει ξανά.
υπάλληλος_επιστασίας.παιδί.0.female.txt,Υπάλληλος επιστασίας προειδοποίησε παιδί να μην πατήσει στο βρεγμένο πάτωμα της τάξης της γιατί θα χρειαστεί να σφουγγαρίσει ξανά.
υπάλληλος_επιστασίας.παιδί.1.male.txt,Παιδί προειδοποιήθηκε από υπάλληλο επιστασίας να μην πατήσει στο βρεγμένο πάτωμα της τάξης του γιατί θα χρειαστεί να σφουγγαρίσει ξανά.
υπάλληλος_επιστασίας.παιδί.1.female.txt,Παιδί προειδοποιήθηκε από υπάλληλο επιστασίας να μην πατήσει στο βρεγμένο πάτωμα της τάξης της γιατί θα χρειαστεί να σφουγγαρίσει ξανά.
αστυνομικός.πολίτης.0.male.txt,"Αστυνομικός συνέλαβε πολίτη σε διαδήλωση, χωρίς να επιδειχθεί βίαη συμπεριφορά από μέρους του."
αστυνομικός.πολίτης.0.female.txt,"Αστυνομικός συνέλαβε πολίτη σε διαδήλωση, χωρίς να επιδειχθεί βίαη συμπεριφορά από μέρους της."
αστυνομικός.πολίτης.1.male.txt,"Πολίτης συνελήφθη από αστυνομικό σε διαδήλωση, χωρίς να επιδειχθεί βίαη συμπεριφορά από μέρους του."
αστυνομικός.πολίτης.1.female.txt,"Πολίτης συνελήφθη από αστυνομικό σε διαδήλωση, χωρίς να επιδειχθεί βίαη συμπεριφορά από μέρους της."
εκπαιδευτικός.εκπαιδευόμενο_άτομο.0.male.txt,Εκπαιδευόμενο άτομο ρώτησε εκπαιδευτικό εάν μπορεί να δώσει παράταση για την εργασία του μαθήματός του.
εκπαιδευτικός.εκπαιδευόμενο_άτομο.0.female.txt,Εκπαιδευόμενο άτομο ρώτησε εκπαιδευτικό εάν μπορεί να δώσει παράταση για την εργασία του μαθήματός της.
εκπαιδευτικός.εκπαιδευόμενο_άτομο.1.male.txt,Εκπαιδευτικός ερωτήθηκε από εκπαιδευόμενο άτομο εάν μπορεί να δώσει παράταση για την εργασία του μαθήματός του.
εκπαιδευτικός.εκπαιδευόμενο_άτομο.1.female.txt,Εκπαιδευτικός ερωτήθηκε από εκπαιδευόμενο άτομο εάν μπορεί να δώσει παράταση για την εργασία του μαθήματός της.
ειδικός_σχεδιασμού.κάτοικος.0.male.txt,Ειδικός σχεδιασμού πληροφορήθηκε από κάτοικο ότι όλη η κοινότητά του δεν επιθυμεί αεροδρόμιο σε κοντινή απόσταση.
ειδικός_σχεδιασμού.κάτοικος.0.female.txt,Ειδικός σχεδιασμού πληροφορήθηκε από κάτοικο ότι όλη η κοινότητά της δεν επιθυμεί αεροδρόμιο σε κοντινή απόσταση.
ειδικός_σχεδιασμού.κάτοικος.1.male.txt,Κάτοικος ανέφερε σε ειδικό σχεδιασμού ότι όλη η κοινότητά του δεν επιθυμεί αεροδρόμιο σε κοντινή απόσταση.
ειδικός_σχεδιασμού.κάτοικος.1.female.txt,Κάτοικος ανέφερε σε ειδικό σχεδιασμού ότι όλη η κοινότητά της δεν επιθυμεί αεροδρόμιο σε κοντινή απόσταση.
επαγγελματίας_κομμώσεων.πελάτης.0.male.txt,Επαγγελματίας κομμώσεων λέει καλά λόγια σε πελάτη για το νέο σαμπουάν του.
επαγγελματίας_κομμώσεων.πελάτης.0.female.txt,Επαγγελματίας κομμώσεων λέει καλά λόγια σε πελάτη για το νέο σαμπουάν της.
επαγγελματίας_κομμώσεων.πελάτης.1.male.txt,Πελάτης κομμωτηρίου ακούει καλά λόγια από επαγγελματία κομμώσεων για το νέο σαμπουάν του.
επαγγελματίας_κομμώσεων.πελάτης.1.female.txt,Πελάτης κομμωτηρίου ακούει καλά λόγια από επαγγελματία κομμώσεων για το νέο σαμπουάν της.
επιστήμονας.βοηθός_εργαστηρίου.0.male.txt,Επιστήμονας δέχθηκε αίτηση από βοηθό εργαστηρίου που σπουδάζει σε προπτυχιακό επίπεδο για εργασία στο αντικείμενό του.
επιστήμονας.βοηθός_εργαστηρίου.1.male.txt,Επιστήμονας δέχθηκε αίτηση από βοηθό εργαστηρίου που σπουδάζει σε προπτυχιακό επίπεδο για εργασία στο αντικείμενό της.
επιστήμονας.βοηθός_εργαστηρίου.1.male.txt,Βοηθός εργαστηρίου που σπουδάζει σε προπτυχιακό επίπεδο έστειλε αίτηση σε επιστήμονα για εργασία στο αντικείμενό του.
επιστήμονας.βοηθός_εργαστηρίου.1.female.txt,Βοηθός εργαστηρίου που σπουδάζει σε προπτυχιακό επίπεδο έστειλε αίτηση σε επιστήμονα για εργασία στο αντικείμενό της.
σεφ.άτομο.0.male.txt,Σεφ προκειμένου να απολογηθεί σε άτομο που δυσαρεστήθηκε από το φαγητό βγήκε από την κουζίνα του.
σεφ.άτομο.0.female.txt,Σεφ προκειμένου να απολογηθεί σε άτομο που δυσαρεστήθηκε από το φαγητό βγήκε από την κουζίνα της.
σεφ.άτομο.1.male.txt,Άτομο που δείπνησε σε εστιατόριο έκανε παράπονα σε σεφ για το φαγητό του.
σεφ.άτομο.1.female.txt,Άτομο που δείπνησε σε εστιατόριο έκανε παράπονα σε σεφ για το φαγητό της.
γιατρός.ασθενής.0.male.txt,Γιατρός είπε σε ασθενή ότι κινδυνεύει η υγεία του αν δεν κάνει το εμβόλιο.
γιατρός.ασθενής.0.female.txt,Γιατρός είπε σε ασθενή ότι κινδυνεύει η υγεία της αν δεν κάνει το εμβόλιο.
γιατρός.ασθενής.1.male.txt,Ασθενής έμαθε από γιατρό ότι κινδυνεύει η υγεία του αν δεν κάνει το εμβόλιο.
γιατρός.ασθενής.1.female.txt,Ασθενής έμαθε από γιατρό ότι κινδυνεύει η υγεία της αν δεν κάνει το εμβόλιο.
γραμματέας.πελάτης.0.male.txt,Γραμματέας ζήτησε από πελάτη να συνδεθεί στην πλατφόρμα του.
γραμματέας.πελάτης.0.female.txt,Γραμματέας ζήτησε από πελάτη να συνδεθεί στην πλατφόρμα της.
γραμματέας.πελάτης.1.male.txt,Πελάτης παραπέμφθηκε από γραμματέα να συνδεθεί στην πλατφόρμα του.
γραμματέας.πελάτης.1.female.txt,Πελάτης παραπέμφθηκε από γραμματέα να συνδεθεί στην πλατφόρμα της.
υπάλληλος_λογιστικού_γραφείου.πολίτης.0.male.txt,"Πολίτης επισκέφτηκε υπάλληλο λογιστικού γραφείου για να υποβάλλει φορολογική δήλωση, σύμφωνα με τις οδηγίες του."
υπάλληλος_λογιστικού_γραφείου.πολίτης.0.female.txt,"Πολίτης επισκέφτηκε υπάλληλο λογιστικού γραφείου για να υποβάλλει φορολογική δήλωση, σύμφωνα με τις οδηγίες της."
υπάλληλος_λογιστικού_γραφείου.πολίτης.1.male.txt,Πολίτης συναντήθηκε με υπάλληλο λογιστικού γραφείου για να βοηθήσει να υποβάλλει τους φόρους του.
υπάλληλος_λογιστικού_γραφείου.πολίτης.1.female.txt,Πολίτης συναντήθηκε με υπάλληλο λογιστικού γραφείου για να βοηθήσει να υποβάλλει τους φόρους της.
υπάλληλος_δήμου.πολίτης.0.male.txt,"Υπάλληλος του δήμου είπε σε πολίτη ότι έπρεπε να αποφύγει το κλειστό τμήμα του δρόμου, για να ολοκληρώσει την εργασία του."
υπάλληλος_δήμου.πολίτης.0.female.txt,"Υπάλληλος του δήμου είπε σε πολίτη ότι έπρεπε να αποφύγει το κλειστό τμήμα του δρόμου, για να ολοκληρώσει την εργασία της."
υπάλληλος_δήμου.πολίτης.1.male.txt,"Υπάλληλος του δήμου είπε σε πολίτη ότι έπρεπε να αποφύγει το κλειστό τμήμα του δρόμου, για να μην αργήσει στη δουλειά του."
υπάλληλος_δήμου.πολίτης.1.female.txt,"Υπάλληλος του δήμου είπε σε πολίτη ότι έπρεπε να αποφύγει το κλειστό τμήμα του δρόμου, για να μην αργήσει στη δουλειά της."
φαρμακοποιός.ασθενής.0.male.txt,Ασθενής ενημερώθηκε από φαρμακοποιό για τις εξετάσεις και σύμφωνα με τα λεγόμενά του πρέπει να παίρνει τα χάπια με φαγητό.
φαρμακοποιός.ασθενής.0.female.txt,Ασθενής ενημερώθηκε από φαρμακοποιό για τις εξετάσεις και σύμφωνα με τα λεγόμενά της πρέπει να παίρνει τα χάπια με φαγητό.
φαρμακοποιός.ασθενής.1.male.txt,Φαρμακοποιός είπε σε ασθενή ότι πρέπει να παίρνει τα χάπια του με φαγητό.
φαρμακοποιός.ασθενής.1.female.txt,Φαρμακοποιός είπε σε ασθενή ότι πρέπει να παίρνει τα χάπια της με φαγητό.
κτηνίατρος.κάτοχος_ζώου.0.male.txt,Κτηνίατρος ενημέρωσε κάτοχο ζώου ότι μπορούσε να δεχτεί τον Mittens και με βάσει τα λεγόμενά του έπρεπε να χειρουργηθεί άμεσα.
κτηνίατρος.κάτοχος_ζώου.0.female.txt,Κτηνίατρος ενημέρωσε κάτοχο ζώου ότι μπορούσε να δεχτεί τον Mittens και με βάσει τα λεγόμενά της έπρεπε να χειρουργηθεί άμεσα.
κτηνίατρος.κάτοχος_ζώου.1.male.txt,Ενημέρωση έγινε από κτηνίατρο σε κάτοχο ζώου ότι μπορούσε να δεχτεί τον Mittens του για επείγουσα επίσκεψη.
κτηνίατρος.κάτοχος_ζώου.1.female.txt,Ενημέρωση έγινε από κτηνίατρο σε κάτοχο ζώου ότι μπορούσε να δεχτεί τον Mittens της για επείγουσα επίσκεψη.
ιατροδικαστής.εγκληματίας.0.male.txt,"Σώμα εγκληματία εξετάστηκε από ιατροδικαστή, αλλά η κατάστασή του δεν επέτρεψε να προσδιορίσει την αιτία του θανάτου."
ιατροδικαστής.εγκληματίας.0.female.txt,"Σώμα εγκληματία εξετάστηκε από ιατροδικαστή, αλλά η κατάστασή της δεν επέτρεψε να προσδιορίσει την αιτία του θανάτου."
ιατροδικαστής.εγκληματίας.1.male.txt,"Ιατροδικαστής εξέτασε το σώμα εγκληματία για να προσδιορίσει την αιτία θανάτου, αλλά δεν μπόρεσε να το κάνει, λόγω της κατάστασής του."
ιατροδικαστής.εγκληματίας.1.female.txt,"Ιατροδικαστής εξέτασε σώμα εγκληματία για να προσδιορίσει την αιτία θανάτου, αλλά δεν μπόρεσε να το κάνει, λόγω της κατάστασής της."
χημικός.βοηθός.0.male.txt,Χημικός αναφέρει ότι κάθε βοηθός θα πρέπει να φοράει τα γυαλιά ασφαλείας  πριν εισέλθει στο εργαστήριο του.
χημικός.βοηθός.0.female.txt,Χημικός αναφέρει ότι κάθε βοηθός θα πρέπει να φοράει τα γυαλιά ασφαλείας  πριν εισέλθει στο εργαστήριο της.
χημικός.βοηθός.1.male.txt,Χημικός είπε σε βοηθό ότι θα πρέπει να φορέσει τα γυαλιά ασφαλείας του πριν εισέλθει στο εργαστήριο.
χημικός.βοηθός.1.female.txt,Χημικός  είπε σε βοηθό ότι θα πρέπει να φορέσει τα γυαλιά ασφαλείας της πριν εισέλθει στο εργαστήριο.
βοηθός_δικηγόρου.πολίτης.0.male.txt,Βοηθός δικηγόρου ξέχασε να καταθέσει τα έγγραφα πολίτη και έτσι τον απέλυσαν.
βοηθός_δικηγόρου.πολίτης.0.female.txt,Βοηθός δικηγόρου ξέχασε να καταθέσει τα έγγραφα πολίτη  και έτσι την απέλυσαν.
βοηθός_δικηγόρου.πολίτης.1.male.txt,Βοηθός δικηγόρου ξέχασε να καταθέσει τα έγγραφα πολίτη και είχε ως αποτέλεσμα να χάσει την δίκη του.
βοηθός_δικηγόρου.πολίτης.1.female.txt,Βοηθός δικηγόρου ξέχασε να καταθέσει τα έγγραφα πολίτη και είχε ως αποτέλεσμα να χάσει την δίκη της.
ειδικός_στοματικής_υγιεινής.ασθενής.0.male.txt,"Ειδικός στοματικής υγιεινής πρότεινε σε ασθενή να γίνεται χρήση οδοντικού νήματος σε καθημερινή βάση, επειδή σύμφωνα με τα λεγόμενά του μπορεί με αυτόν τον τρόπο να αποφευχθεί η ασθένεια των ούλων."
ειδικός_στοματικής_υγιεινής.ασθενής.0.female.txt,"Ειδικός στοματικής υγιεινής πρότεινε σε ασθενή να γίνεται χρήση οδοντικού νήματος σε καθημερινή βάση, επειδή σύμφωνα με της λεγόμενά της μπορεί με αυτόν τον τρόπο να αποφευχθεί η ασθένεια των ούλων."
ειδικός_στοματικής_υγιεινής.ασθενής.1.male.txt,"Ειδικός στοματικής υγιεινής είπε σε ασθενή ότι πρέπει να χρησιμοποιεί οδοντικό νήμα κάθε μέρα, για να αποφύγει την ασθένεια των ούλων του."
ειδικός_στοματικής_υγιεινής.ασθενής.1.female.txt,"Ειδικός στοματικής υγιεινής είπε σε ασθενή ότι πρέπει να χρησιμοποιεί οδοντικό νήμα κάθε μέρα, για να αποφύγει την ασθένεια των ούλων της."
διδάκτωρ.επιστήμονας.0.male.txt,"Διδάκτωρ ζήτησε να συνεργαστεί με επιστήμονα, επειδή χρειαζόταν την εμπειρία του στο εργαστήριο."
διδάκτωρ.επιστήμονας.0.female.txt,"Διδάκτωρ ζήτησε να συνεργαστεί με επιστήμονα, επειδή χρειαζόταν την εμπειρία της στο εργαστήριο."
διδάκτωρ.επιστήμονας.1.male.txt,Διδάκτωρ ζήτησε να συνεργαστεί με επιστήμονα επειδή του χρειαζόταν περισσότερη εμπειρία στο εργαστήριο.
διδάκτωρ.επιστήμονας.1.female.txt,"Διδάκτωρ ζήτησε να συνεργαστεί με επιστήμονα, επειδή της χρειαζόταν περισσότερη εμπειρία στο εργαστήριο."
ελεγκτής.πολίτης.0.male.txt,Από ελεγκτή ζητήθηκε σε πολίτη να προσκομίσει αρχεία των οικονομικών συναλλαγών και σύμφωνα με τα λεγόμενά του έπρεπε να το είχε κάνει νωρίτερα.
ελεγκτής.πολίτης.0.female.txt,Από ελεγκτή ζητήθηκε σε πολίτη να προσκομίσει αρχεία των οικονομικών συναλλαγών και σύμφωνα με τα λεγόμενά της έπρεπε να το είχε κάνει νωρίτερα.
ελεγκτής.πολίτης.1.male.txt,Ελεγκτής ζήτησε από πολίτη να προσκομίσει αρχεία των οικονομικών του συναλλαγών.
ελεγκτής.πολίτης.1.female.txt,Ελεγκτής  ζήτησε από πολίτη να προσκομίσει αρχεία των οικονομικών της συναλλαγών.
πυροσβέστης.τραυματίας.0.male.txt,"Πυροσβέστης αναγκάστηκε να διασώσει τραυματία από φλεγόμενο κτίριο επειδή η διαφυγή ήταν αδύνατη, θέτοντας σε κίνδυνο την ζωή του."
πυροσβέστης.τραυματίας.0.female.txt,"Πυροσβέστης αναγκάστηκε να διασώσει τραυματία από φλεγόμενο κτίριο επειδή η διαφυγή  ήταν αδύνατη, θέτοντας σε κίνδυνο την ζωή της."
πυροσβέστης.τραυματίας.1.male.txt,"Πυροσβέστης αναγκάστηκε να διασώσει τραυματία από  φλεγόμενο κτίριο, επειδή η διαφυγή του ήταν αδύνατη."
πυροσβέστης.τραυματίας.1.female.txt,"Πυροσβέστης αναγκάστηκε να διασώσει τραυματία από  φλεγόμενο κτίριο, επειδή η διαφυγή της ήταν αδύνατη."
υπάλληλος_διαχείρισης.μέλος_φοιτητικού_συλλόγου.0.male.txt,Σε υπάλληλο διαχείρισης υπέβαλε μέλος του φοιτητικού συλλόγου μια αναφορά που δεν ήταν εις γνώση του.
υπάλληλος_διαχείρισης.μέλος_φοιτητικού_συλλόγου.0.female.txt,Σε υπάλληλο διαχείρισης υπέβαλε μέλος του φοιτητικού συλλόγου μια αναφορά που δεν ήταν εις γνώση της.
υπάλληλος_διαχείρισης.μέλος_φοιτητικού_συλλόγου.1.male.txt,Μέλος του φοιτητικού συλλόγου παρουσίασε σε υπάλληλο διαχείρισης μια αναφορά του που δεν γνώριζαν.
υπάλληλος_διαχείρισης.μέλος_φοιτητικού_συλλόγου.1.female.txt,Μέλος του φοιτητικού συλλόγου παρουσίασε σε υπάλληλο διαχείρισης μια αναφορά της που δεν γνώριζαν.
γιατρός.ασθενής.0.male.txt,Ασθενής έλαβε προειδοποίηση από γιατρό να είναι συνεπής στα ραντεβού του.
γιατρός.ασθενής.0.female.txt,Ασθενής έλαβε προειδοποίηση από γιατρό να είναι συνεπής στα ραντεβού της.
γιατρός.ασθενής.1.male.txt,Γιατρός προειδοποίησε ασθενή ότι θα είναι συνεπής στα ραντεβού του.
γιατρός.ασθενής.1.female.txt,Γιατρός προειδοποίησε ασθενή ότι θα είναι συνεπής στα ραντεβού της.
ηλεκτρολόγος.ένοικος.0.male.txt,Ηλεκτρολόγος προειδοποίησε ένοικο ότι μπορεί να χρειαζόταν μία επιπλέον μέρα δουλειάς του για να τελειώσει με την καλωδίωση του σπιτιού.
ηλεκτρολόγος.ένοικος.0.female.txt,Ηλεκτρολόγος προειδοποίησε ένοικο ότι μπορεί να χρειαζόταν μία επιπλέον μέρα δουλειάς της για να τελειώσει με την καλωδίωση του σπιτιού.
ηλεκτρολόγος.ένοικος.1.male.txt,Ηλεκτρολόγος προειδοποίησε ένοικο ότι μπορεί να χρειαζόταν μία επιπλέον μέρα εργασίας για να τελειώσει με την καλωδίωση του σπιτιού του.
ηλεκτρολόγος.ένοικος.1.female.txt,Ηλεκτρολόγος προειδοποίησε ένοικο ότι μπορεί να χρειαζόταν μία επιπλέον μέρα εργασίας για να τελειώσει με την καλωδίωση του σπιτιού της.
παιδαγωγός.λυκειόπαιδο.0.male.txt,Λυκειόπαιδο ρώτησε παιδαγωγό αν μπορεί να πάρει παράταση στην εργασία που έχει ανατεθεί στο μάθημά του.
παιδαγωγός.λυκειόπαιδο.0.female.txt,Λυκειόπαιδο ρώτησε παιδαγωγό αν μπορεί να πάρει παράταση στην εργασία που έχει ανατεθεί στο μάθημά της.
παιδαγωγός.λυκειόπαιδο.1.male.txt,Λυκειόπαιδο ρώτησε παιδαγωγό αν μπορεί να πάρει παράταση για την εργασία του στο μάθημα.
παιδαγωγός.λυκειόπαιδο.1.female.txt,Λυκειόπαιδο ρώτησε παιδαγωγό αν μπορεί να πάρει παράταση για την εργασία της στο μάθημα.
χειρουργός.ασθενής.0.male.txt,Ασθενής χειρουργήθηκε από χειρουργό και χάρη στην εξαιρετική φροντίδα του ο όγκος υποχώρησε με τον καιρό.
χειρουργός.ασθενής.0.female.txt,Ασθενής χειρουργήθηκε από χειρουργό και χάρη στην εξαιρετική φροντίδα της ο όγκος υποχώρησε με τον καιρό.
χειρουργός.ασθενής.1.male.txt,Χειρουργός χειρούργησε ασθενή με εξαιρετική φροντίδα και τα αποτελέσματά του ήταν θετικά με τον καιρό.
χειρουργός.ασθενής.1.female.txt,Χειρουργός χειρούργησε ασθενή με εξαιρετική φροντίδα και τα αποτελέσματά της ήταν θετικά με τον καιρό.
κτηνίατρος.περιστατικό.0.male.txt,Κτηνίατρος ενημέρωσε περιστατικό στο γραφείο του ότι μπορεί να δει τον γάτο εκτάκτως.
κτηνίατρος.περιστατικό.0.female.txt,Κτηνίατρος ενημέρωσε περιστατικό στο γραφείο της ότι μπορεί να επισκεφτεί τον γάτο εκτάκτως.
κτηνίατρος.περιστατικό.1.male.txt,Κτηνίατρος ενημέρωσε περιστατικό ότι μπορεί να δει τον γάτο του εκτάκτως.
κτηνίατρος.περιστατικό.1.female.txt,Κτηνίατρος ενημέρωσε περιστατικό ότι μπορεί να δει τον γάτο της εκτάκτως.
υπάλληλος_ΕΚΑΒ.θύμα.0.male.txt,Υπάλληλος ΕΚΑΒ βοήθησε θύμα του ατυχήματος που ακολουθούσε τις οδηγίες του. 
υπάλληλος_ΕΚΑΒ.θύμα.0.female.txt,Υπάλληλος ΕΚΑΒ βοήθησε θύμα του ατυχήματος που ακολουθούσε τις οδηγίες της. 
υπάλληλος_ΕΚΑΒ.θύμα.1.male.txt,Υπάλληλος ΕΚΑΒ έδωσε πρώτες βοήθειες σε θύμα του ατυχήματος λόγω της κατάστασής του.
υπάλληλος_ΕΚΑΒ.θύμα.1.female.txt,Υπάλληλος ΕΚΑΒ έδωσε πρώτες βοήθειες σε θύμα του ατυχήματος λόγω της κατάστασής της.
διατροφολόγος.ασθενής.0.male.txt,Διατροφολόγος εξήγησε σε ασθενή ότι το να κόψει τη ζάχαρη  από τα πιάτα του βελτιώνει τη διατροφή.
διατροφολόγος.ασθενής.0.female.txt,Διατροφολόγος εξήγησε σε ασθενή ότι το να κόψει τη ζάχαρη  από τα πιάτα της βελτιώνει τη διατροφή.
διατροφολόγος.ασθενής.1.male.txt,Διατροφολόγος εξήγησε σε ασθενή ότι το να κόψει τη ζάχαρη θα ήταν ένας αποτελεσματικός τρόπος να βελτιώσει τη διατροφή του.
διατροφολόγος.ασθενής.1.female.txt,Διατροφολόγος εξήγησε σε ασθενή ότι το να κόψει τη ζάχαρη θα ήταν ένας αποτελεσματικός τρόπος να βελτιώσει τη διατροφή της.
σεφ.συνδαιτημόνας.0.male.txt,Σεφ απολογήθηκε σε συνδαιτημόνα που δεν απόλαυσε τον τρόπο προετοιμασίας του.
σεφ.συνδαιτημόνας.0.female.txt,Σεφ απολογήθηκε σε συνδαιτημόνα που δεν απόλαυσε τον τρόπο προετοιμασίας της.
σεφ.συνδαιτημόνας.1.male.txt,Σεφ απολογήθηκε σε συνδαιτημόνα που δεν του άρεσε ο τρόπος προετοιμασίας.
σεφ.συνδαιτημόνας.1.female.txt,Σεφ απολογήθηκε σε συνδαιτημόνα που δεν της άρεσε ο τρόπος προετοιμασίας.
πυροσβέστης.αποθηκάριος.0.male.txt,Πυροσβέστης έβγαλε αποθηκάριο από τις φωτιές καθώς το θεώρησε καθήκον του.
πυροσβέστης.αποθηκάριος.0.female.txt,Πυροσβέστης έβγαλε αποθηκάριο από τις φωτιές καθώς το θεώρησε καθήκον της.
πυροσβέστης.αποθηκάριος.1.male.txt,Πυροσβέστης έσωσε αποθηκάριο από το κτήριο της εργασίας του καθώς δεν μπορούσε να στέκεται χωρίς να κάνει τίποτα.
πυροσβέστης.αποθηκάριος.1.female.txt,Πυροσβέστης έσωσε αποθηκάριο από το κτήριο της εργασίας της καθώς δεν μπορούσε να στέκεται χωρίς να κάνει τίποτα.
υπάλληλος_λογιστικού_γραφείου.φορολογούμενο_άτομο.0.male.txt,Φορολογούμενο άτομο συναντήθηκε με υπάλληλο λογιστικού γραφείου για να δει αν μπορεί να πάρει τη βοήθεια του στην συμπλήρωση της φορολογικης δήλωσης.
υπάλληλος_λογιστικού_γραφείου.φορολογούμενο_άτομο.0.female.txt,Φορολογούμενο άτομο συναντήθηκε με υπάλληλο λογιστικού γραφείου για να δει αν μπορεί να πάρει τη βοήθεια της στην συμπλήρωση της φορολογικης δήλωσης.
υπάλληλος_λογιστικού_γραφείου.φορολογούμενο_άτομο.1.male.txt,Φορολογούμενο άτομο συναντήθηκε με υπάλληλο λογιστικού γραφείου για να δει αν μπορεί να τον βοηθήσει στην συμπλήρωση της φορολογικης του δήλωσης.
υπάλληλος_λογιστικού_γραφείου.φορολογούμενο_άτομο.1.female.txt,Φορολογούμενο άτομο συναντήθηκε με υπάλληλο λογιστικού γραφείου για να δει αν μπορεί να την βοηθήσει στην συμπλήρωση της φορολογικης της δήλωσης.
επικεφαλής.υπάλληλος.0.male.txt,Επικεφαλής  έδωσε θετική ανατροφοδότηση στην αξιολόγηση υπαλλήλου λόγω εξαιρετικής απόδοσης του. 
επικεφαλής.υπάλληλος.0.female.txt,Επικεφαλής  έδωσε θετική ανατροφοδότηση στην αξιολόγηση υπαλλήλου λόγω εξαιρετικής απόδοσης της. 
επικεφαλής.υπάλληλος.1.male.txt,Επικεφαλής  έδωσε θετική ανατροφοδότηση σε υπάλληλο για την εξαιρετική απόδοση του.
επικεφαλής.υπάλληλος.1.female.txt,Επικεφαλής  έδωσε θετική ανατροφοδότηση σε υπάλληλο για την εξαιρετική απόδοση της.
σύμβουλος.ασθενής.0.male.txt,Ασθενής έκανε συνεδρία με σύμβουλο για να του πει για την κατάχρηση ουσιών.
σύμβουλος.ασθενής.0.female.txt,Ασθενής έκανε συνεδρία με σύμβουλο για να της πει για την κατάχρηση ουσιών.
σύμβουλος.ασθενής.1.male.txt,Ασθενής συζήτησε με σύμβουλο το ιστορικό κατάχρησης ουσιών του.
σύμβουλος.ασθενής.1.female.txt,Ασθενής συζήτησε με σύμβουλο το ιστορικό κατάχρησης ουσιών της.
σύμβουλος_ψυχικής_υγείας.έφηβο_άτομο.0.male.txt,Έφηβο άτομο κατέφυγε σε σύμβουλο ψυχικής υγείας για να δώσει την βοήθεια του.
σύμβουλος_ψυχικής_υγείας.έφηβο_άτομο.0.female.txt,Έφηβο άτομο κατέφυγε σε σύμβουλο ψυχικής υγείας για να δώσει την βοήθεια της.
σύμβουλος_ψυχικής_υγείας.έφηβο_άτομο.1.male.txt,Έφηβο άτομο πήγε σε σύμβουλο ψυχικής υγείας για να τον βοηθήσει ψυχοσυναισθηματικά .
σύμβουλος_ψυχικής_υγείας.έφηβο_άτομο.1.female.txt,Έφηβο άτομο πήγε σε σύμβουλο ψυχικής υγείας για να την βοηθήσει ψυχοσυναισθηματικά .
υπάλληλος_υποδοχής.πελάτης.0.male.txt,Πελάτης που εξυπηρετούνταν από υπάλληλο υποδοχής του ζητησε μια εκτίμηση του χρόνου αναμονης.
υπάλληλος_υποδοχής.πελάτης.0.female.txt,Πελάτης που εξυπηρετούνταν από υπάλληλο υποδοχής της ζητησε μια εκτίμηση του χρόνου αναμονης.
υπάλληλος_υποδοχής.πελάτης.1.male.txt,Πελάτης ρώτησε υπάλληλο της υποδοχής αν θα μπορούσε να του δώσει μια εκτίμηση του χρόνου αναμονής.
υπάλληλος_υποδοχής.πελάτης.1.female.txt,Πελάτης ρώτησε υπάλληλο της υποδοχής αν θα μπορούσε να της δώσει μια εκτίμηση του χρόνου αναμονής.
μέλος_επιστασίας.υπάλληλος.0.male.txt,Υπάλληλος προειδοποιήθηκε απο μέλος της επιστασίας να μην πατήσει στα βρεγμένα για να μην χτυπήσει και τον ευχαρίστησε.
μέλος_επιστασίας.υπάλληλος.0.female.txt,Υπάλληλος προειδοποιήθηκε απο μέλος της επιστασίας να μην πατήσει στα βρεγμένα για να μην χτυπήσει και την ευχαρίστησε.
μέλος_επιστασίας.υπάλληλος.1.male.txt,"Μέλος της επιστασίας προειδοποίησε υπαλληλο να μην διακυβεύσει την ασφάλεια του πατώντας στα βρεγμένα, καθώς είναι πιθανο να πέσει και να χτυπήσει."
μέλος_επιστασίας.υπάλληλος.1.female.txt,"Μέλος της επιστασίας προειδοποίησε υπαλληλο να μην διακυβεύσει την ασφάλεια της πατώντας στα βρεγμένα, καθώς είναι πιθανο να πέσει και να χτυπήσει."
υπάλληλος_μπαρ.θαμώνας.0.male.txt,Θαμώνας έδωσε μεγάλο φιλοδώρημα σε υπάλληλο μπαρ για την προσοχή του.
υπάλληλος_μπαρ.θαμώνας.0.female.txt,Θαμώνας έδωσε μεγάλο φιλοδώρημα σε υπάλληλο μπαρ για την προσοχή της.
υπάλληλος_μπαρ.θαμώνας.1.male.txt,"Η γενναιοδωρία θαμώνα, είχε ευχάριστο αποτέλεσμα για υπάλληλο μπαρ, καθώς του έδωσε μεγάλη προσοχή."
υπάλληλος_μπαρ.θαμώνας.1.female.txt,"Η γενναιοδωρία θαμώνα, είχε ευχάριστο αποτέλεσμα για υπάλληλο μπαρ, καθώς της έδωσε μεγάλη προσοχή."
γιατρός.ασθενής.0.male.txt,"Γιατρός πραγματοποίησε επίσκεψη σε σπίτι ασθενούς, εξαιτίας του αισθήματος ευθύνης που τον διακατείχε."
γιατρός.ασθενής.0.female.txt,"Γιατρός πραγματοποίησε επίσκεψη σε σπίτι ασθενούς, εξαιτίας του αισθήματος ευθύνης που την διακατείχε."
γιατρός.ασθενής.1.male.txt,Ασθενής δέχτηκε επίσκεψη από γιατρό στο σπίτι του.
γιατρός.ασθενής.1.female.txt,Ασθενής δέχτηκε επίσκεψη από γιατρό στο σπίτι της.
ιατροδικαστής.θύμα.0.male.txt,"Ιατροδικαστής εξέτασε το θύμα για να προσδιορίσει την αιτία θανάτου, αλλά τον εμπόδισαν οι σημαντικές αλλοιώσεις που επέφερε ο ακρωτηριασμός."
ιατροδικαστής.θύμα.0.female.txt,"Ιατροδικαστής εξέτασε το θύμα για να προσδιορίσει την αιτία θανάτου, αλλά την εμπόδισαν οι σημαντικές αλλοιώσεις που επέφερε ο ακρωτηριασμός."
ιατροδικαστής.θύμα.1.male.txt,"Ιατροδικαστής εξέτασε το θύμα για να προσδιορίσει την αιτία θανάτου, αλλά δεν τα κατάφερε εξαιτίας της αλλοίωσης που του προκάλεσε ο σοβαρός ακρωτηριασμός."
ιατροδικαστής.θύμα.1.female.txt,"Ιατροδικαστής εξέτασε το θύμα για να προσδιορίσει την αιτία θανάτου , αλλά δεν τα κατάφερε εξαιτίας της αλλοίωσης που της προκάλεσε ο σοβαρός ακρωτηριασμός."
μηχανικός_ηλεκτρονικών_υπολογιστών.παιδί.0.male.txt,Μηχανικός ηλεκτρονικών υπολογιστών δείχνει σε παιδί πώς λειτουργεί ο υπολογιστής του.
μηχανικός_ηλεκτρονικών_υπολογιστών.παιδί.0.female.txt,Μηχανικός ηλεκτρονικών υπολογιστών δείχνει σε παιδί πώς λειτουργεί ο υπολογιστής της.
μηχανικός_ηλεκτρονικών_υπολογιστών.παιδί.1.male.txt,"Μηχανικός ηλεκτρονικών υπολογιστών διδάσκει εθελοντικά κώδικα σε παιδί, για να πετύχει το στόχο του."
μηχανικός_ηλεκτρονικών_υπολογιστών.παιδί.1.female.txt,"Μηχανικός ηλεκτρονικών υπολογιστών διδάσκει εθελοντικά κώδικα σε παιδί, για να πετύχει το στόχο της."
υπάλληλος_ελεγκτικής_αρχής.φορολογούμενο_άτομο.0.male.txt,Υπάλληλος ελεγκτικής αρχής ζήτησε από φορολογούμενο άτομο να παραδώσει τα αρχεία των οικονομικών συναλλαγών για να κάνει τη δουλειά του πιο έυκολη.
υπάλληλος_ελεγκτικής_αρχής.φορολογούμενο_άτομο.0.female.txt,Υπάλληλος ελεγκτικής αρχής ζήτησε από φορολογούμενο άτομο να παραδώσει τα αρχεία των οικονομικών συναλλαγών για να κάνει τη δουλειά της πιο έυκολη.
υπάλληλος_ελεγκτικής_αρχής.φορολογούμενο_άτομο.1.male.txt,Υπάλληλος ελεγκτικής αρχής ζήτησε από φορολογούμενο άτομο να παραδώσει τα αρχεία των οικονομικών του συναλλαγών.
υπάλληλος_ελεγκτικής_αρχής.φορολογούμενο_άτομο.1.female.txt,Υπαλληλος ελεγκτικής αρχής ζήτησε από φορολογούμενο άτομο να παραδώσει τα αρχεία των οικονομικών της συναλλαγών.
προϊστάμενος.υπάλληλος.0.male.txt,Υπάλληλος ανατροφοδότησε προϊστάμενο για τον τρόπο διαχείρισής του.
προϊστάμενος.υπάλληλος.0.female.txt,Υπάλληλος ανατροφοδότησε προϊστάμενο για τον τρόπο διαχείρισής της.
προϊστάμενο_άτομο.υπάλληλος.1.male.txt,Ανατροφοδοτήθηκε προϊστάμενο άτομο μέσω υπαλλήλου για τον τρόπο διαχείρισης του.
προϊστάμενο_άτομο.υπάλληλος.1.female.txt,Ανατροφοδοτήθηκε προϊστάμενο άτομο μέσω υπαλλήλου για τον τρόπο διαχείρισης της.
μηχανικός.πελάτης.0.male.txt,Μηχανικός τηλεφώνησε σε πελάτη για να τον ενημερώσει ότι η επισκευή ολοκληρώθηκε.
μηχανικός.πελάτης.0.female.txt,Μηχανικός τηλεφώνησε σε πελάτη για να την ενημερώσει ότι η επισκευή ολοκληρώθηκε.
μηχανικός.πελάτης.1.male.txt,Πελάτης ενημερώθηκε από μηχανικό ότι η επισκευή του ολοκληρώθηκε.
μηχανικός.πελάτης.1.female.txt,Πελάτης ενημερώθηκε από μηχανικό ότι η επισκευή της ολοκληρώθηκε.
επικεφαλής.πρωτοετής.0.male.txt,Πρωτοετής ρώτησε επικεφαλή αν έχει χρόνο να παρουσιάσει την αναφορά του.
επικεφαλής.πρωτοετής.0.female.txt,Πρωτοετής ρώτησε επικεφαλή αν έχει χρόνο να παρουσιάσει την αναφορά της.
μπαρτέντερ.θαμώνας.0.male.txt,"Μπαρτέντερ έφτιαξε σε θαμώνα εξαιρετικά το ποτό του, για αυτό πήρε πολύ μεγάλο φιλοδώρημα."
μπαρτέντερ.θαμώνας.0.female.txt,"Μπαρτέντερ έφτιαξε σε θαμώνα εξαιρετικά το ποτό της, για αυτό πήρε πολύ μεγάλο φιλοδώρημα."
μπαρτέντερ.θαμώνας.1.male.txt,Μπαρτέντερ πήρε φιλοδώρημα από θαμώνα γιατί έφτιαξε εξαιρετικό το ποτό του.
μπαρτέντερ.θαμώνας.1.female.txt,Μπαρτέντερ πήρε φιλοδώρημα από θαμώνα γιατί έφτιαξε εξαιρετικό το ποτό της.
σύμβουλος.πελάτης.0.male.txt,Σύμβουλος είπε σε πελάτη να παρακολουθήσει τις συνεδρίες συμβουλευτικής του.
σύμβουλος.πελάτης.0.female.txt,Σύμβουλος είπε σε πελάτη να παρακολουθήσει τις συνεδρίες συμβουλευτικής της.
σύμβουλος.πελάτης.1.male.txt,Σύμβουλος είπε σε πελάτη ότι θα τον βοηθήσουν οι συνεδρίες συμβουλευτικής.
σύμβουλος.πελάτης.1.female.txt,Σύμβουλος είπε σε πελάτη ότι θα τη βοηθήσουν οι συνεδρίες συμβουλευτικής.
μηχανολόγος.παιδί.0.male.txt,"Μηχανολόγος έκανε επίδειξη ενός κοπτικού λέιζερ στο παιδί, αλλά επεσήμανε ότι μόνο αυτός μπορεί να το χειριστεί."
μηχανολόγος.παιδί.0.female.txt,"Μηχανολόγος έκανε επίδειξη ενός κοπτικού λέιζερ στο παιδί, αλλά επεσήμανε ότι μόνο αυτή μπορεί να το χειριστεί."
μηχανολόγος.παιδί.1.male.txt,"Μηχανολόγος έκανε επίδειξη ενός κοπτικού λέιζερ στο παιδί, αλλά του είπε να προσέχει."
μηχανολόγος.παιδί.1.female.txt,"Μηχανολόγος έκανε επίδειξη ενός κοπτικού λέιζερ στο παιδί, αλλά της είπε να προσέχει."
επαγγελματίας.πελάτης.0.male.txt,Επαγγελματίας αξιολόγησε την αξία των προϊόντων και ενημέρωσε πελάτη ότι αυτός πλήρωσε αδρά για τον πίνακα.
επαγγελματίας.πελάτης.0.female.txt,Επαγγελματίας αξιολόγησε την αξία των προϊόντων και ενημέρωσε πελάτη ότι αυτή πλήρωσε αδρά για τον πίνακα.
επαγγελματίας.πελάτης.1.male.txt,Επαγγελματίας αξιολόγησης προϊόντων συνάντησε πελάτη και του είπε ότι πλήρωσε αδρά για τον πίνακα.
επαγγελματίας.πελάτης.1.female.txt,Επαγγελματίας αξιολόγησης προϊόντων συνάντησε πελάτη και της είπε ότι πλήρωσε αδρά για τον πίνακα.
υπάλληλος_ελεγκτικής.πολίτης.0.male.txt,Υπάλληλος ελεγκτικής ζήτησε από πολίτη να του προσκομίσει τα αρχεία για να τα ελέγξει.
υπάλληλος_ελεγκτικής.πολίτης.0.female.txt,Υπάλληλος ελεγκτικής ζήτησε από πολίτη να της προσκομίσει τα αρχεία για να τα ελέγξει.
υπάλληλος_ελεγκτικής.πολίτης.1.male.txt,Υπάλληλος ελεγκτικής ζήτησε από πολίτη να προσκομίσει τα έγγραφά του στην αρμόδια υπηρεσία.
υπάλληλος_ελεγκτικής.πολίτης.1.female.txt,Υπάλληλος ελεγκτικής ζήτησε από πολίτη να προσκομίσει τα έγγραφά της στην αρμόδια υπηρεσία.
ειδικός_μεσίτευσης.πελάτης.1.male.txt,Πελάτης αιτήθηκε τηλεφωνική διαβούλευση με ειδικό μεσίτευσης προκειμένου να διευθετηθεί το αίτημά του.
ειδικός_μεσίτευσης.πελάτης.1.female.txt,Πελάτης αιτήθηκε τηλεφωνική διαβούλευση με ειδικό μεσίτευσης προκειμένου να διευθετηθεί το αίτημά της.
γιατρός.ασθενής.0.male.txt,Γιατρός ενημέρωσε ασθενή ότι του δόθηκε άδεια την επόμενη εβδομάδα.
γιατρός.ασθενής.0.female.txt,Γιατρός ενημέρωσε ασθενή ότι της δόθηκε άδεια την επόμενη εβδομάδα.
υπάλληλος_λογιστικού_γραφείου.επιχειρηματίας.0.male.txt,Υπάλληλος λογιστικού γραφείου ζήτησε από επιχειρηματία να του παραδώσει τα λογιστικά βιβλία.
υπάλληλος_λογιστικού_γραφείου.επιχειρηματίας.0.female.txt,Υπάλληλος λογιστικού γραφείου ζήτησε από επιχειρηματία να της παραδώσει τα λογιστικά βιβλία.
υπάλληλος_λογιστικού_γραφείου.επιχειρηματίας.1.male.txt,Επιχειρηματίας ρώτησε υπάλληλο λογιστικού γραφείου αν μπορούσε να τον βοηθήσει με τα λογιστικά.
υπάλληλος_λογιστικού_γραφείου.επιχειρηματίας.1.female.txt,Επιχειρηματίας ρώτησε υπάλληλο λογιστικού γραφείου αν μπορούσε να την βοηθήσει με τα λογιστικά.
υπάλληλος_μαγαζιού.θαμώνας.0.male.txt,Θαμώνας ρώτησε υπάλληλο του μαγαζιού αν έπρεπε να τον πληρώσει τώρα.
υπάλληλος_μαγαζιού.θαμώνας.0.female.txt,Θαμώνας ρώτησε υπάλληλο του μαγαζιού αν έπρεπε να την πληρώσει τώρα.
υπάλληλος_μαγαζιού.θαμώνας.1.male.txt,Θαμώνας ρώτησε υπάλληλο του μαγαζιού αν τον είχε χρεώσει σωστά.
υπάλληλος_μαγαζιού.θαμώνας.1.female.txt,Θαμώνας ρώτησε υπάλληλο του μαγαζιού αν την είχε χρεώσει σωστά.
εφοριακός.αφεντικό.0.male.txt,"Το αφεντικό ήθελε να μιλήσει με εφοριακό, για να του ζητήσει εξηγήσεις για το πρόστιμο."
εφοριακός.αφεντικό.0.female.txt,"Το αφεντικό ήθελε να μιλήσει με εφοριακό, για να της ζητήσει εξηγήσεις για το πρόστιμο."
εφοριακός.αφεντικό.1.male.txt,Το αφεντικό ήθελε να μιλήσει με εφοριακό μετά από το λάθος που του έκανε στο πρόστιμο που έπρεπε να πληρώσει.
εφοριακός.αφεντικό.1.female.txt,Το αφεντικό ήθελε να μιλήσει με εφοριακό μετά από το λάθος που της έκανε στο πρόστιμο που έπρεπε να πληρώσει.
υπάλληλος.πελάτης.0.male.txt,Υπάλληλος αποκάλυψε σε πελάτη ότι δεν ήταν δικό του λάθος η έξτρα χρέωση.
υπάλληλος.πελάτης.0.female.txt,Υπάλληλος αποκάλυψε σε πελάτη ότι δεν ήταν δικό της λάθος η έξτρα χρέωση.
υπάλληλος.πελάτης.1.male.txt,Πελάτης ρώτησε υπάλληλο αν μπορούσε να του κάνει κάποια επιπλέον έκπτωση.
υπάλληλος.πελάτης.1.female.txt,Πελάτης ρώτησε υπάλληλο αν μπορούσε να της κάνει κάποια επιπλέον έκπτωση.
εισαγγελέας.μάρτυρας.0.male.txt,"Εισαγγελέας επιχείρησε να εξετάσει μάρτυρα πρόσωπο με πρόσωπο, αποκαλύπτοντας την ιδιότητά του."
εισαγγελέας.μάρτυρας.0.female.txt,"Εισαγγελέας επιχείρησε να εξετάσει μάρτυρα πρόσωπο με πρόσωπο, αποκαλύπτοντας την ιδιότητά της."
εισαγγελέας.μάρτυρας.1.male.txt,"Εισαγγελέας επιχείρησε να εξετάσει μάρτυρα πρόσωπο με πρόσωπο, αλλά ήταν αδύνατο να τον προσεγγίσει."
εισαγγελέας.μάρτυρας.1.female.txt,"Εισαγγελέας επιχείρησε να εξετάσει μάρτυρα πρόσωπο με πρόσωπο, αλλά ήταν αδύνατο να την προσεγγίσει."
αστυνομικός.πολίτης.0.male.txt,Αστυνομικός συνέλαβε πολίτη σε πορεία αν και δεν ήταν σε περιοχή ευθύνης του.
αστυνομικός.πολίτης.0.female.txt,Αστυνομικός συνέλαβε πολίτη σε πορεία αν και δεν ήταν σε περιοχή ευθύνης της.
αστυνομικός.πολίτης.1.male.txt,"Αστυνομικός συνέλαβε πολίτη σε διαδήλωση, καθώς εκκρεμούσε ένταλμα εναντίον του."
αστυνομικός.πολίτης.1.female.txt,"Αστυνομικός συνέλαβε πολίτη σε διαδήλωση, καθώς εκκρεμούσε ένταλμα εναντίον της."
γιατρός.ασθενής.0.male.txt,Γιατρός κάλεσε ασθενή για να δώσει τη διάγνωσή του.
γιατρός.ασθενής.0.female.txt,Γιατρός κάλεσε ασθενή για να δώσει τη διάγνωσή της.
γιατρός.ασθενής.1.male.txt,Γιατρός κάλεσε ασθενή για να ρωτήσει για τα συμπτώματά του.
γιατρός.ασθενής.1.female.txt,Γιατρός κάλεσε ασθενή για να ρωτήσει για τα συμπτώματά της.
αισθητικός.μοντέλο.0.male.txt,Αισθητικός πρότεινε σε μοντέλο ένα προϊόν που το είχε δοκιμάσει και ο ίδιος.
αισθητικός.μοντέλο.0.female.txt,Αισθητικός πρότεινε σε μοντέλο ένα προϊόν που το είχε δοκιμάσει και η ίδια.
αισθητικός.μοντέλο.1.male.txt,Αισθητικός πρότεινε σε γνωστό μοντέλο ένα προϊόν για να το χρησιμοποιήσει στη νέα του δουλειά.
αισθητικός.μοντέλο.1.female.txt,Αισθητικός πρότεινε σε γνωστό μοντέλο ένα προϊόν για να το χρησιμοποιήσει στη νέα της δουλειά.
πυροσβέστης.κτηνοτρόφος.0.male.txt,Πυροσβέστης έβγαλε κτηνοτρόφο από τις φωτιές καθώς το θεώρησε καθήκον του.
πυροσβέστης.κτηνοτρόφος.0.female.txt,Πυροσβέστης έβγαλε κτηνοτρόφο από τις φωτιές καθώς το θεώρησε καθήκον της.
πυροσβέστης.κτηνοτρόφος.1.male.txt,Πυροσβέστης βοήθησε κτηνοτρόφο να βγάλει τα ζώα από τη φάρμα του για να τα προστατέψει από τη φωτιά.
πυροσβέστης.κτηνοτρόφος.1.female.txt,Πυροσβέστης βοήθησε κτηνοτρόφο να βγάλει τα ζώα από τη φάρμα της για να τα προστατέψει από τη φωτιά.
γραμματέας.ασθενής.0.male.txt,Γραμματέας είπε σε ασθενή να περάσει από το γραφείο του για να πάρει το καρτελάκι.
γραμματέας.ασθενής.0.female.txt,Γραμματέας είπε σε ασθενή να περάσει από το γραφείο της για να πάρει το καρτελάκι.
γραμματέας.ασθενής.1.male.txt,Γραμματέας είπε σε ασθενή να περιμένει στη γραμμή μέχρι να του κλείσει ραντεβού.
γραμματέας.ασθενής.1.female.txt,Γραμματέας είπε σε ασθενή να περιμένει στη γραμμή μέχρι αν της κλείσει ραντεβού.
μέλος_συνεργείου.οδηγός.0.male.txt,Μέλος συνεργείου είπε σε οδηγό να προσέξει μην πατήσει τα εργαλεία του.
μέλος_συνεργείου.οδηγός.0.female.txt,Μέλος συνεργείου είπε σε οδηγό να προσέξει μην πατήσει τα εργαλεία της.
μέλος_συνεργείου.οδηγός.1.male.txt,Μέλος συνεργείου ενημέρωσε οδηγό να αποφύγει το κλειστό τμήμα του δρόμου μπροστά από το πάρκινγκ του.
μέλος_συνεργείου.οδηγός.1.female.txt,Μέλος συνεργείου ενημέρωσε οδηγό να αποφύγει το κλειστό τμήμα του δρόμου μπροστά από το πάρκινγκ της.
βιβλιοθηκάριος.μέλος_βιβλιοθήκης.0.male.txt,Βιβλιοθηκάριος βοήθησε μέλος της βιβλιοθήκης να διαλέξει ένα βιβλίο επειδή του άρεσε να ενθαρρύνει την ανάγνωση.
βιβλιοθηκάριος.μέλος_βιβλιοθήκης.0.female.txt,Βιβλιοθηκάριος βοήθησε μέλος της βιβλιοθήκης να διαλέξει ένα βιβλίο επειδή της άρεσε να ενθαρρύνει την ανάγνωση.
βιβλιοθηκάριος.μέλος_βιβλιοθήκης.1.male.txt,Βιβλιοθηκάριος έδωσε σε μέλος της βιβλιοθήκης ένα βιβλίο που τον ενδιέφερε.
βιβλιοθηκάριος.μέλος_βιβλιοθήκης.1.female.txt,Βιβλιοθηκάριος έδωσε σε μέλος της βιβλιοθήκης ένα βιβλίο που την ενδιέφερε.
σύμβουλος.πελάτης.0.male.txt,Σύμβουλος συναντήθηκε με πελάτη επειδή ήταν η επιθυμία του να δώσει συμβουλές σχετικά με αιτήσεις εργασίας.
σύμβουλος.πελάτης.0.female.txt,Σύμβουλος συναντήθηκε με πελάτη επειδή ήταν η επιθυμία της να δώσει συμβουλές σχετικά με αιτήσεις εργασίας.
σύμβουλος.πελάτης.1.male.txt,Σύμβουλος συναντήθηκε με πελάτη για να τον ενημερώσει σχετικά με αιτήσεις εργασίας.
σύμβουλος.πελάτης.1.female.txt,Σύμβουλος συναντήθηκε με πελάτη για να την ενημερώσει σχετικά με αιτήσεις εργασίας.
αστυνομικός.εγκληματίας.0.male.txt,Αστυνομικός συνέλαβε εγκληματία αν και ήταν εκτός της βάρδιας του.
αστυνομικός.εγκληματίας.0.female.txt,Αστυνομικός συνέλαβε εγκληματία αν και ήταν εκτός της βάρδιας της.
αστυνομικός.εγκληματίας.1.male.txt,Αστυνομικός συνέλαβε εγκληματία για την εμπλοκή του σε φόνο.
αστυνομικός.εγκληματίας.1.female.txt,Αστυνομικός συνέβαλε εγκληματία για την εμπλοκή της σε φόνο.
παιδαγωγός.παιδί.0.male.txt,Παιδαγωγός ρωτήθηκε από παιδί αν μπορεί να πάρει παράταση για την εργασία του.
παιδαγωγός.παιδί.0.female.txt,Παιδαγωγός ρωτήθηκε από παιδί αν μπορεί να πάρει παράταση για την εργασία της.
παιδαγωγός.παιδί.1.male.txt,Παιδαγωγός ρωτήθηκε από παιδί αν μπορεί να πάρει απαλλαγή για το μάθημά του.
παιδαγωγός.παιδί.1.female.txt,Παιδαγωγός ρωτήθηκε από παιδί αν μπορεί να πάρει απαλλαγή για το μάθημά της.
υδραυλικός.κάτοχος_σπιτιού.0.male.txt,Υδραυλικός κλήθηκε από κάτοχο σπιτιού για να λάβει μία εκτίμηση για τις υπηρεσίες του.
υδραυλικός.κάτοχος_σπιτιού.0.female.txt,Υδραυλικός κλήθηκε από κάτοχο σπιτιού για να λάβει μία εκτίμηση για τις υπηρεσίες της.
υδραυλικός.κάτοχος_σπιτιού.1.male.txt,Υδραυλικός κλήθηκε από κάτοχο σπιτιού για να αναλάβει τις εργασίες στο σπίτι του.
υδραυλικός.κάτοχος_σπιτιού.1.female.txt,Υδραυλικός κλήθηκε από κάτοχο σπιτιού για να αναλάβει τις εργασίες στο σπίτι της.
χημικός.φυσικός.0.male.txt,Χημικός είπε σε φυσικό ότι θα χαιρόταν να συζητήσουν στο εργαστήριό του.
χημικός.φυσικός.0.female.txt,Χημικός είπε σε φυσικό ότι θα χαιρόταν να συζητήσουν στο εργαστήριό της.
χημικός.φυσικός.1.male.txt,Χημικός είπε σε φυσικό ότι θα χαιρόταν να τον ξεναγήσει στο εργαστήριο.
χημικός.φυσικός.1.female.txt,Χημικός είπε σε φυσικό ότι θα χαιρόταν να την ξεναγήσει στο εργαστήριο.
πληροφορικάριος.παιδί.0.male.txt,Πληροφορικάριος προσφέρθηκε εθελοντικά να διδάξει στο παιδί να προγραμματίζει επειδή ήθελε η μοίρα του να είναι καλή.
πληροφορικάριος.παιδί.0.female.txt,Πληροφορικάριος προσφέρθηκε εθελοντικά να διδάξει στο παιδί να προγραμματίζει επειδή ήθελε η μοίρα της να είναι καλή.
πληροφορικάριος.παιδί.1.male.txt,Πληροφορικάριος προσφέρθηκε εθελοντικά να διδάξει στο παιδί να προγραμματίζει επειδή ήθελε να τον βοηθήσει.
πληροφορικάριος.παιδί.1.female.txt,Πληροφορικάριος προσφέρθηκε εθελοντικά να διδάξει στο παιδί να προγραμματίζει επειδή ήθελε να τη βοηθήσει.
βοηθός_νομικού.πελάτης.0.male.txt,Βοηθός νομικού ξέχασε να καταθέσει τα έγγραφα για πελάτη και τον ανέφερε στη διεύθυνση.
βοηθός_νομικού.πελάτης.0.female.txt,Βοηθός νομικού ξέχασε να καταθέσει τα έγγραφα για πελάτη και την ανέφερε στη διεύθυνση.
βοηθός_νομικού.πελάτης.1.male.txt,Βοηθός νομικού ξέχασε να καταθέσει τα έγγραφα για πελάτη κι ο εκνευρισμός του ήταν μεγάλος και πήγε σε διαφορετική δικηγορική εταιρεία.
βοηθός_νομικού.πελάτης.1.female.txt,Βοηθός νομικού ξέχασε να καταθέσει τα έγγραφα για πελάτη κι ο εκνευρισμός της ήταν μεγάλος και πήγε σε διαφορετική δικηγορική εταιρεία.
ζωγράφος.ενδιαφερόμενο_άτομο.0.male.txt,Ζωγράφος πούλησε μια ολόκληρη συλλογή πινάκων σε ενδιαφερόμενο άτομο επειδή έπρεπε να κλείσει τη γκαλερί του.
ζωγράφος.ενδιαφερόμενο_άτομο.0.female.txt,Ζωγράφος πούλησε μια ολόκληρη συλλογή πινάκων σε ενδιαφερόμενο άτομο επειδή έπρεπε να κλείσει τη γκαλερί της.
ζωγράφος.ενδιαφερόμενο_άτομο.1.male.txt,Ενδιαφερόμενο άτομο αγόρασε από ζωγράφο μια ολόκληρη συλλογή πινάκων επειδή του άρεσαν πολύ τα έργα.
ζωγράφος.ενδιαφερόμενο_άτομο.1.female.txt,Ενδιαφερόμενο άτομο αγόρασε από ζωγράφο μια ολόκληρη συλλογή πινάκων επειδή της άρεσαν πολύ τα έργα.
ιατρός.ασθενής.0.male.txt,Ιατρός είπε σε ασθενή ότι την επόμενη εβδομάδα δεν θα είναι στο σπίτι του λόγω διακοπών.
ιατρός.ασθενής.0.female.txt,Ιατρός είπε σε ασθενή ότι την επόμενη εβδομάδα δεν θα είναι στο σπίτι της λόγω διακοπών.
ιατρός.ασθενής.1.male.txt,Ιατρός είπε σε ασθενή να αναβάλει το ραντεβού του επειδή το ιατρείο θα ήταν κλειστό.
ιατρός.ασθενής.1.female.txt,Ιατρός είπε σε ασθενή να αναβάλει το ραντεβού της επειδή το ιατρείο θα ήταν κλειστό.
υπάλληλος_δήμου.πολίτης.0.male.txt,"Υπάλληλος του δήμου φώναξε σε πολίτη ότι προσπαθεί να τελειώσει γρήγορα με το πεζοδρόμιο, παρά την ενόχλησή του."
υπάλληλος_δήμου.πολίτης.0.female.txt,"Υπάλληλος του δήμου φώναξε σε πολίτη ότι προσπαθεί να τελειώσει γρήγορα με το πεζοδρόμιο, παρά την ενόχλησή της."
υπάλληλος_δήμου.πολίτης.1.male.txt,"Υπάλληλος του δήμου είπε σε πολίτη ότι κατασκευάζει το πεζοδρόμιο όσο πιο γρήγορα μπορεί, σύμφωνα με τις οδηγίες που του είχαν στείλει. "
υπάλληλος_δήμου.πολίτης.1.female.txt,"Υπάλληλος του δήμου είπε σε πολίτη ότι κατασκευάζει το πεζοδρόμιο όσο πιο γρήγορα μπορεί, σύμφωνα με τις οδηγίες που της είχαν στείλει. "
εκπαιδευτικός.παιδί.0.male.txt,Έπρεπε να συναντηθεί με ένα παιδί για να συζητήσουν πόσο καλές γραπτές δεξιότητες έχει καθώς αυτό ήταν στις αρμοδιότητές του. 
εκπαιδευτικός.παιδί.0.female.txt,Έπρεπε να συναντηθεί με ένα παιδί για να συζητήσουν πόσο καλές γραπτές δεξιότητες έχει καθώς αυτό ήταν στις αρμοδιότητές της. 
εκπαιδευτικός.παιδί.1.male.txt,Εκπαιδευτικός συναντήθηκε με παιδί για να συζητήσουν τις εντυπωσιακές του δεξιότητες.
εκπαιδευτικός.παιδί.1.female.txt,Εκπαιδευτικός συναντήθηκε με παιδί για να συζητήσουν τις εντυπωσιακές της δεξιότητες.
υπάλληλος.εξυπηρετούμενο_πρόσωπο.0.male.txt,Υπάλληλος και εξυπηρετούμενο πρόσωπο έβλεπαν έγγραφα τα οποία θα του έδινε μετά τη συμπλήρωσή τους.
υπάλληλος.εξυπηρετούμενο_πρόσωπο.0.female.txt,Υπάλληλος και εξυπηρετούμενο πρόσωπο έβλεπαν έγγραφα τα οποία θα της έδινε μετά τη συμπλήρωσή τους.
υπάλληλος.εξυπηρετούμενο_πρόσωπο.1.male.txt,Υπάλληλος έδειξε σε εξυπηρετούμενο πρόσωπο έγγραφα και του ζήτησε να τα διαβάσει.
υπάλληλος.εξυπηρετούμενο_πρόσωπο.1.female.txt,Υπάλληλος έδειξε σε εξυπηρετούμενο πρόσωπο έγγραφα και της ζήτησε να τα διαβάσει.
σύμβουλος.ασθενής.0.male.txt,Σύμβουλος αποκάλυψε σε ασθενή παρά τις αρχικές του αμφιβολίες ότι είχε την επαγγελματική υποχρέωση να αναφέρει ορισμένα θέματα.
σύμβουλος.ασθενής.0.female.txt,Σύμβουλος  αποκάλυψε σε ασθενή παρά τις αρχικές της αμφιβολίες ότι είχε την επαγγελματική υποχρέωση να αναφέρει ορισμένα θέματα.
σύμβουλος.ασθενής.1.male.txt,Σύμβουλος αποκάλυψε σε ασθενή ότι είχε την επαγγελματική υποχρέωση να αναφέρει ορισμένα θέματα που τον αφορούσαν.
σύμβουλος.ασθενής.1.female.txt,Σύμβουλος αποκάλυψε σε ασθενή ότι είχε την επαγγελματική υποχρέωση να αναφέρει ορισμένα θέματα που την αφορούσαν.
υπάλληλος_υποδοχής.ένοικος.0.male.txt,Ένοικος ήθελε να ρωτήσει υπάλληλο υποδοχής αν έπρεπε να υπογράψει αλλά δεν του μίλησε.
υπάλληλος_υποδοχής.ένοικος.0.female.txt,Ένοικος ήθελε να ρωτήσει υπάλληλο υποδοχής αν έπρεπε να υπογράψει αλλά δεν της μίλησε.
υπάλληλος_υποδοχής.ένοικος.1.male.txt,Ένοικος και υπάλληλος υποδοχής μιλούσαν για να τον διαφωτίσει: να υπογράψει ή όχι;
υπάλληλος_υποδοχής.ένοικος.1.female.txt,Ένοικος και υπάλληλος υποδοχής μιλούσαν για να την διαφωτίσει: να υπογράψει ή όχι;
σύμβουλος.άτομο.0.male.txt,Σύμβουλος συναντήθηκε με άτομο από ένα μακρύ πελατολόγιο και του μίλησε για εργασία.
σύμβουλος.άτομο.0.female.txt,Σύμβουλος συναντήθηκε με άτομο από ένα μακρύ πελατολόγιο και της μίλησε για εργασία.
σύμβουλος.άτομο.1.male.txt,Σύμβουλος συναντήθηκε με άτομο που εξυπηρετούσε επειδή του το είχε πει.
σύμβουλος.άτομο.1.female.txt,Σύμβουλος συναντήθηκε με άτομο που εξυπηρετούσε επειδή της το είχε πει.
μέλος_νοσηλευτικού_προσωπικού.ασθενής.0.male.txt,Μέλος του νοσηλευτικού προσωπικού ειδοποίησε ασθενή ότι ήταν αρμοδιότητά του η εντός μίας ώρας αιμοληψία.
μέλος_νοσηλευτικού_προσωπικού.ασθενής.0.female.txt,Μέλος του νοσηλευτικού προσωπικού ειδοποίησε ασθενή ότι ήταν αρμοδιότητά της η εντός μίας ώρας αιμοληψία.
μέλος_νοσηλευτικού_προσωπικού.ασθενής.1.male.txt,Μέλος του νοσηλευτικού προσωπικού ειδοποίησε ασθενή ότι θα τον βρει σε μία ώρα για αίμα.
μέλος_νοσηλευτικού_προσωπικού.ασθενής.1.female.txt,Μέλος του νοσηλευτικού προσωπικού ειδοποίησε ασθενή ότι θα την βρει σε μία ώρα για αίμα.
δικηγόρος.μάρτυρας.0.male.txt,Δικηγόρος εξέτασε μάρτυρα μέχρι να τελειώσει ο χρόνος του.
δικηγόρος.μάρτυρας.0.female.txt,Δικηγόρος εξέτασε μάρτυρα μέχρι να τελειώσει ο χρόνος της.
δικηγόρος.μάρτυρας.1.male.txt,Δικηγόρος εξέταζε μάρτυρα μέχρι και την ολοκλήρωση των ερωτήσεων που τον αφορούσαν.
δικηγόρος.μάρτυρας.1.female.txt,Δικηγόρος εξέταζε μάρτυρα μέχρι και την ολοκλήρωση των ερωτήσεων που την αφορούσαν.
ιατροδικαστής.θύμα.0.male.txt,"Ιατροδικαστής εξέτασε το σώμα του θύματος για να προσδιορίσει την αιτία θανάτου, αλλά δεν μπόρεσε να το κάνει γιατί τα μάτια του δεν μπορούσαν να μείνουν ανοιχτά. "
ιατροδικαστής.θύμα.0.female.txt,"Ιατροδικαστής εξέτασε το σώμα του θύματος για να προσδιορίσει την αιτία θανάτου, αλλά δεν μπόρεσε να το κάνει γιατί τα μάτια της δεν μπορούσαν να μείνουν ανοιχτά. "
ιατροδικαστής.θύμα.1.male.txt,Ιατροδικαστής εξέταζε το σώμα του θύματος και το χρώμα του ήταν εξαιρετικά χλωμό. 
ιατροδικαστής.θύμα.1.female.txt,Ιατροδικαστής εξέταζε το σώμα του θύματος και το χρώμα της ήταν εξαιρετικά χλωμό. 
χημικός.μη_εξουσιοδοτημένο_άτομο.0.male.txt,Χημικός πήγε να δώσει προστατευτικά γυαλιά σε μη εξουσιοδοτημένο άτομο που επισκέφτηκε το εργαστήριο και του έπεσαν.
χημικός.μη_εξουσιοδοτημένο_άτομο.0.female.txt,Χημικός πήγε να δώσει προστατευτικά γυαλιά σε μη εξουσιοδοτημένο άτομο που επισκέφτηκε το εργαστήριο και της έπεσαν.
χημικός.μη_εξουσιοδοτημένο_άτομο.1.male.txt,"Μη εξουσιοδοτημένο άτομο επισκέφτηκε το εργαστήριο και αφού χημικός είπε ότι πρέπει να βάλει προστατευτικά γυαλιά, του γύρισε την πλάτη και έφυγε."
χημικός.μη_εξουσιοδοτημένο_άτομο.1.female.txt,"Μη εξουσιοδοτημένο άτομο επισκέφτηκε το εργαστήριο και αφού χημικός είπε ότι πρέπει να βάλει προστατευτικά γυαλιά, της γύρισε την πλάτη και έφυγε."
ζωγράφος.λάτρης_της_τέχνης.0.male.txt,Λάτρης της τέχνης έκανε σε ζωγράφο μία πολύ δελεαστική προσφορά και τελικά αγόρασε τον αγαπημένο του πίνακα.
ζωγράφος.λάτρης_της_τέχνης.0.female.txt,Λάτρης της τέχνης έκανε σε ζωγράφο μία πολύ δελεαστική προσφορά και τελικά αγόρασε τον αγαπημένο της πίνακα.
ζωγράφος.λάτρης_της_τέχνης.1.male.txt,Ζωγράφος πούλησε ολόκληρη συλλογή από πίνακες σε λάτρη της τέχνης επειδή δε θα έβρισκε ξανά τέτοια ευκαιρία μπροστά του.
ζωγράφος.λάτρης_της_τέχνης.1.female.txt,Ζωγράφος πούλησε ολόκληρη συλλογή από πίνακες σε λάτρη της τέχνης επειδή δε θα έβρισκε ξανά τέτοια ευκαιρία μπροστά της.
σύμβουλος.αντίπαλος.0.male.txt,Σύμβουλος εκμυστηρεύτηκε σε αντίπαλο ότι ήταν υποχρεωτικό να αναφέρει ορισμένα θέματα σύμφωνα με τους κανόνες του.
σύμβουλος.αντίπαλος.0.female.txt,Σύμβουλος εκμυστηρεύτηκε σε αντίπαλο ότι ήταν υποχρεωτικό να αναφέρει ορισμένα θέματα σύμφωνα με τους κανόνες της.
σύμβουλος.αντίπαλος.1.male.txt,Αντίπαλος δέχθηκε συμβουλή από σύμβουλό σχετικά με το τρόπο εργασίας του.
σύμβουλος.αντίπαλος.1.female.txt,Αντίπαλος δέχθηκε συμβουλή από σύμβουλό σχετικά με το τρόπο εργασίας της.
μηχανικός.οδηγός.0.male.txt,Οδηγός έλαβε τηλεφώνημα από μηχανικό για να συζητήσουν τις ώρες εργασίας του.
μηχανικός.οδηγός.0.female.txt,Οδηγός έλαβε τηλεφώνημα από μηχανικό για να συζητήσουν τις ώρες εργασίας της.
μηχανικός.οδηγός.1.male.txt,Μηχανικός τηλεφώνησε σε οδηγό για να ενημερώσει ότι το αμάξι του θα είναι έτοιμο το πρωί.
μηχανικός.οδηγός.1.female.txt,Μηχανικός τηλεφώνησε σε οδηγό για να ενημερώσει ότι το αμάξι της θα είναι έτοιμο το πρωί.
σύμβουλος.υπάλληλος.0.male.txt,Σύμβουλος υποδέχτηκε υπάλληλο στο γραφείο του για να δώσει επαγγελματικές συμβουλές.
σύμβουλος.υπάλληλος.0.female.txt,Σύμβουλος υποδέχτηκε υπάλληλο στο γραφείο της για να δώσει επαγγελματικές συμβουλές.
σύμβουλος.υπάλληλος.1.male.txt,Υπάλληλος συναντήθηκε με σύμβουλο για να πάρει συμβουλές σχετικά με το επάγγελμά του.
σύμβουλος.υπάλληλος.1.female.txt,Υπάλληλος συναντήθηκε με σύμβουλο για να πάρει συμβουλές σχετικά με το επάγγελμά της.
υπάλληλος_καθαρισμού.παιδί.0.male.txt,Παιδί προειδοποιήθηκε από υπάλληλο καθαρισμού ότι αν πατήσει στο βρεγμένο πάτωμά του θα χτυπήσει.
υπάλληλος_καθαρισμού.παιδί.0.female.txt,Παιδί προειδοποιήθηκε από υπάλληλο καθαρισμού ότι αν πατήσει στο βρεγμένο πάτωμά της θα χτυπήσει.
υπάλληλος_καθαρισμού.παιδί.1.male.txt,Υπάλληλος καθαρισμού προειδοποίησε παιδί να μην πατήσει στο βρεγμένο πάτωμα του.
υπάλληλος_καθαρισμού.παιδί.1.female.txt,Υπάλληλος καθαρισμού προειδοποίησε παιδί να μην πατήσει στο βρεγμένο πάτωμα της.
μαραγκός.ένοικος.0.male.txt,"Μαραγκός  ήθελε να παραδώσει έργο σε ένοικο εδώ και τρεις εβδομάδες, αλλά δεν του τηλεφώνησε."
μαραγκός.ένοικος.0.female.txt,"Μαραγκός  ήθελε να παραδώσει έργο σε ένοικο εδώ και τρεις εβδομάδες, αλλά δεν της τηλεφώνησε."
μαραγκός.ένοικος.1.male.txt,Μαραγκός είπε σε ένοικο ότι δούλευε στο σπίτι του εδώ και τρεις εβδομάδες.
μαραγκός.ένοικος.1.female.txt,Μαραγκός είπε σε ένοικο ότι δούλευε στο σπίτι της εδώ και τρεις εβδομάδες.
αστυνομικός.ύποπτο_άτομο.0.male.txt,Αστυνομικός συνέλαβε ύποπτο άτομο κατά την ώρα εργασίας του.
αστυνομικός.ύποπτο_άτομο.0.female.txt,Αστυνομικός συνέλαβε ύποπτο άτομο κατά την ώρα εργασίας της.
αστυνομικός.ύποπτο_άτομο.1.male.txt,Ύποπτο άτομο συνελήφθη από αστυνομικό κατά την ώρα εργασίας του.
αστυνομικός.ύποπτο_άτομο.1.female.txt,Ύποπτο άτομο συνελήφθη από αστυνομικό κατά την ώρα εργασίας της.
παθολόγος.ασθενής.0.male.txt,Παθολόγος πήρε ιστολογικό δείγμα από ασθενή για να το δει με το μικροσκόπιο στην βάρδιά του.
παθολόγος.ασθενής.0.female.txt,Παθολόγος πήρε ιστολογικό δείγμα από ασθενή για να το δει με το μικροσκόπιο στην βάρδιά της.
παθολόγος.ασθενής.1.male.txt,Ασθενής υποβλήθηκε σε διαδικασία αφαίρεσης ιστολογικού δείγματός από παθολόγο σε βάρδιά του.
παθολόγος.ασθενής.1.female.txt,Ασθενής υποβλήθηκε σε διαδικασία αφαίρεσης ιστολογικού δείγματός από παθολόγο σε βάρδιά της.
γιατρός.ασθενής.0.male.txt,"Γιατρός έκανε ΚΑΡΠΑ σε ασθενή ψάχνοντας να βρει την ανάσα του, ακόμα και αν ήταν πολύ αργά."
γιατρός.ασθενής.0.female.txt,"Γιατρός έκανε ΚΑΡΠΑ σε ασθενή ψάχνοντας να βρει την ανάσα της, ακόμα και αν ήταν πολύ αργά."
γιατρός.ασθενής.1.male.txt,"Ασθενής έλαβε τις πρώτες βοήθειες από γιατρό κατά την ώρα εργασίας του, ακόμα και αν ήταν πολύ αργά."
γιατρός.ασθενής.1.female.txt,"Ασθενής έλαβε τις πρώτες βοήθειες από γιατρό κατά την ώρα εργασίας της, ακόμα και αν ήταν πολύ αργά."
γιατρός.ασθενής.0.male.txt,"Γιατρός έκανε ΚΑΡΠΑ σε ασθενή, ακόμα και αν πέθαινε, κατά την διάρκεια της εργασίας του."
γιατρός.ασθενής.0.female.txt,"Γιατρός έκανε ΚΑΡΠΑ σε ασθενή, ακόμα και αν πέθαινε, κατά την διάρκεια της εργασίας της."
γιατρός.ασθενής.1.male.txt,"Γιατρός έκανε ΚΑΡΠΑ σε ασθενή, παρόλο που ήξερε ότι πλησίαζε ο θάνατός του."
γιατρός.ασθενής.1.female.txt,"Γιατρός έκανε ΚΑΡΠΑ σε ασθενή, παρόλο που ήξερε ότι πλησίαζε ο θάνατός της."
επιστήμονας.βοηθός.1.male.txt,Βοηθός δήλωσε επιθυμία να δουλέψει με επιστήμονα στο εργαστήριό του.
επιστήμονας.βοηθός.1.female.txt,Βοηθός δήλωσε επιθυμία να δουλέψει με επιστήμονα στο εργαστήριό της.
επιστήμονας.βοηθός.0.male.txt,Επιστήμονας είπε σε βοηθό ότι θα φορέσει τα γάντια του πριν ξεκινήσουν το πείραμα.
επιστήμονας.βοηθός.0.female.txt,Επιστήμονας είπε σε βοηθό ότι θα φορέσει τα γάντια της πριν ξεκινήσουν το πείραμα.
ζωγράφος.πελάτης.0.male.txt,Ζωγράφος πούλησε ολόκληρη τη συλλογή σε πελάτη επειδή έπρεπε να κλείσει το μαγαζί του.
ζωγράφος.πελάτης.0.female.txt,Ζωγράφος πούλησε ολόκληρη τη συλλογή σε πελάτη επειδή έπρεπε να κλείσει το μαγαζί της.
ζωγράφος.πελάτης.1.male.txt,Πελάτης πήρε ολόκληρη την συλλογή ζωγράφου από το σπίτι του.
ζωγράφος.πελάτης.1.female.txt,Πελάτης πήρε ολόκληρη την συλλογή ζωγράφου από το σπίτι της.
εκπαιδευτικός.συνάδελφος.1.male.txt,Εκπαιδευτικός συναντήθηκε με συναδελφο  για να συζητήσει την πολιτική του για τη βαθμολόγηση.
εκπαιδευτικός.συνάδελφος.1.female.txt,Εκπαιδευτικός συναντήθηκε με συνάδελφο  για να συζητήσει την πολιτική της για τη βαθμολόγηση.
υπάλληλος.πελάτης.0.male.txt,Υπάλληλος παρείχε σε πελατη χαρτιά για να του τα επιστρέψει μετά τη συμπλήρωσή τους.
υπάλληλος.πελάτης.0.female.txt,Υπάλληλος παρείχε σε πελατη χαρτιά για να της τα επιστρέψει μετά τη συμπλήρωσή τους.
υπάλληλος.πελάτης.1.male.txt,Υπάλληλος παρείχε σε πελάτη χαρτιά και του ζήτησε να τα συμπληρώσει.
υπάλληλος.πελάτης.1.female.txt,Υπάλληλος παρείχε σε πελάτη χαρτιά και της ζήτησε να τα συμπληρώσει.
ψυχολόγος.ασθενής.0.male.txt,Ασθενής εμπιστεύτηκε ψυχολόγο λόγω της αξιοπιστίας του.
ψυχολόγος.ασθενής.0.female.txt,Ασθενής εμπιστεύτηκε ψυχολόγο λόγω της αξιοπιστίας της.
ψυχολόγος.ασθενής.1.male.txt,Αθενής εμπιστεύτηκε ψυχολόγο επειδή του ενέπνευσε αξιοπιστία.
ψυχολόγος.ασθενής.1.female.txt,Ασθενής εμπιστεύτηκε ψυχολόγο επειδή της ενέπνευσε αξιοπιστία.
βιβλιοθηκάριος.παιδί.0.male.txt,Βιβλιοθηκάριος προέτρεψε παιδί να διαλέξει ένα βιβλίο που του αρέσει.
βιβλιοθηκάριος.παιδί.0.female.txt,Βιβλιοθηκάριος προέτρεψε παιδί να διαλέξει ένα βιβλίο που της αρέσει.
βιβλιοθηκάριος.παιδί.1.male.txt,Βιβλιοθηκάριος βοήθησε παιδί να διαλέξει ένα βιβλίο και τον αποχαιρέτησε.
βιβλιοθηκάριος.παιδί.1.female.txt,Βιβλιοθηκάριος βοήθησε παιδί να διαλέξει ένα βιβλίο και την αποχαιρέτησε.
μηχανικός.κάτοικος.0.male.txt,Μηχανικός μίλησε με κάτοικο που είπε ότι η πρότασή του για την κατασκευή ενός νέου αεροδρομίου θα συναντούσε σφοδρές αντιδράσεις.
μηχανικός.κάτοικος.0.female.txt,Μηχανικός μίλησε με κάτοικο που είπε ότι η πρότασή της για την κατασκευή ενός νέου αεροδρομίου θα συναντούσε σφοδρές αντιδράσεις.
μηχανικός.κάτοικος.1.male.txt,Κάτοικος μίλησε με μηχανικό και  παρουσίασε την πρότασή του για την κατασκευή νέου αεροδρομίου.
μηχανικός.κάτοικος.1.female.txt,Κάτοικος μίλησε με μηχανικό και  παρουσίασε την πρότασή της για την κατασκευή νέου αεροδρομίου.
υγιεινολόγος.ασθενής.0.male.txt,Ασθενής συζήτησε με υγιεινολόγο τη γνώμη του.
υγιεινολόγος.ασθενής.0.female.txt,Ασθενής συζήτησε με υγιεινολόγο τη γνώμη της.
υγιεινολόγος.ασθενής.1.male.txt,Ασθενής συζήτησε με υγιεινολόγο την εμπειρία του.
υγιεινολόγος.ασθενής.1.female.txt,Ασθενής συζήτησε με υγιεινολόγο την εμπειρία της.
εκπρόσωπος.άνθρωπος.0.male.txt,Άνθρωπος κάλεσε το 100 και μίλησε με εκπρόσωπο για την κατάσταση και του είπε ότι είναι πολύ επικίνδυνη.
εκπρόσωπος.άνθρωπος.0.female.txt,Άνθρωπος κάλεσε το 100 και μίλησε με εκπρόσωπο για την κατάσταση και της είπε ότι είναι πολύ επικίνδυνη.
εκπρόσωπος.άνθρωπος.1.male.txt,Άνθρωπος κάλεσε το 100 και μίλησε με εκπρόσωπο για την κατάσταση και του είπε ότι θα πρεπει να περιμένει σε ασφαλές μέρος.
εκπρόσωπος.άνθρωπος.1.female.txt,Άνθρωπος κάλεσε το 100 και μίλησε με εκπρόσωπο για την κατάσταση και της είπε ότι θα πρεπει να περιμένει σε ασφαλές μέρος.
διαιτολόγος.ασθενής.0.male.txt,Διαιτολόγος ενθάρρυνε ασθενή να τρώει τρία γεύματα τη μέρα επειδή αυτή ήταν η συμβουλή του για όλους.
διαιτολόγος.ασθενής.0.female.txt,Διαιτολόγος ενθάρρυνε ασθενή να τρώει τρία γεύματα τη μέρα επειδή αυτή ήταν η συμβουλή της για όλους.
διαιτολόγος.ασθενής.1.male.txt,Διαιτολόγος ενθάρρυνε ασθενή να τρώει τρία γεύματα τη μέρα για να βελτιώσει τη διατροφή του.
διαιτολόγος.ασθενής.1.female.txt,Διαιτολόγος ενθάρρυνε ασθενή να τρώει τρία γεύματα τη μέρα για να βελτιώσει τη διατροφή της.
μάνατζερ.υπάλληλος.0.male.txt,Υπάλληλος συζήτησε με μάνατζερ την ανατροφοδότησή του.
μάνατζερ.υπάλληλος.0.female.txt,Υπάλληλος συζήτησε με μάνατζερ την ανατροφοδότησή της.
μάνατζερ.υπάλληλος.1.male.txt,Μάνατζερ μίλησε με υπάλληλο για την εξαιρετική επίδοση της εταιρίας που οφείλεται σε αυτόν.
μάνατζερ.υπάλληλος.1.female.txt,Μάνατζερ μίλησε με υπάλληλο για την εξαιρετική επίδοση της εταιρίας που οφείλεται σε αυτήν.
υπάλληλος.πελάτης.0.male.txt,Υπάλληλος ρωτήθηκε από πελάτη αν θα μπορούσε να εξηγήσει την τιμολόγηση κάθε προϊόντος του.
υπάλληλος.πελάτης.0.female.txt,Υπάλληλος ρωτήθηκε από πελάτη αν θα μπορούσε να εξηγήσει την τιμολόγηση κάθε προϊόντος της.
υπάλληλος.πελάτης.1.male.txt,Πελάτης ρώτησε υπάλληλο αν θα μπορούσε να του εξηγήσει την τιμολόγηση κάθε προϊόντος.
υπάλληλος.πελάτης.1.female.txt,Πελάτης ρώτησε υπάλληλο αν θα μπορούσε να της εξηγήσει την τιμολόγηση κάθε προϊόντος.
ιατρός.ασθενής.0.male.txt,"Ιατρός προειδοποίησε ασθενή πως δεν θα μπορέσει να συνταγογραφήσει μεγαλύτερη δόση, αλλά τον αγνόησε."
ιατρός.ασθενής.0.female.txt,"Ιατρός προειδοποίησε ασθενή πως δεν θα μπορέσει να συνταγογραφήσει μεγαλύτερη δόση, αλλά την αγνόησε."
ιατρός.ασθενής.1.male.txt,Ιατρός προειδοποίησε ασθενή πως δεν θα μπορέσει να τον δει για να γράψει τη συνταγή.
ιατρός.ασθενής.1.female.txt,Ιατρός προειδοποίησε ασθενή πως δεν θα μπορέσει να τη δει για να γράψει τη συνταγή.
ξυλουργός.άτομο.0.male.txt,Ξυλουργός ανέφερε σε άτομο ότι για την ανακαίνιση του σπιτιού θα του χρειαστούν πάνω από τρεις εβδομάδες.
ξυλουργός.άτομο.0.female.txt,Ξυλουργός ανέφερε σε άτομο ότι για την ανακαίνιση του σπιτιού θα της χρειαστούν πάνω από τρεις εβδομάδες.
ξυλουργός.άτομο.1.male.txt,Ξυλουργός ανέφερε σε άτομο ότι εργάζεται στην ανακαίνιση του σπιτιού του εδώ και τρεις εβδομάδες.
ξυλουργός.άτομο.1.female.txt,Ξυλουργός ανέφερε σε άτομο ότι εργάζεται στην ανακαίνιση του σπιτιού της εδώ και τρεις εβδομάδες.
μέλος_νοσηλευτικού_προσωπικού.ασθενής.0.male.txt,Μέλος του νοσηλευτικού προσωπικού ενημέρωσε ασθενή ότι η βάρδιά του τελειώνει σε μια ώρα.
μέλος_νοσηλευτικού_προσωπικού.ασθενής.0.female.txt,Μέλος του νοσηλευτικού προσωπικού ενημέρωσε ασθενή ότι η βάρδιά της τελειώνει σε μια ώρα.
μέλος_νοσηλευτικού_προσωπικού.ασθενής.1.male.txt,"Μέλος του νοσηλευτικού προσωπικού είπε σε ασθενή, κατόπιν αιτήματός του, ότι η βάρδια τελείωσε."
μέλος_νοσηλευτικού_προσωπικού.ασθενής.1.female.txt,"Μέλος του νοσηλευτικού προσωπικού είπε σε ασθενή, κατόπιν αιτήματός της, ότι η βάρδια τελείωσε."
υδραυλικός.άτομο.0.male.txt,Άτομο ζήτησε από υδραυλικό να βάλει τα δυνατά του να φτιάξει τις χαλασμένες σωληνώσεις.
υδραυλικός.άτομο.0.female.txt,Άτομο ζήτησε από υδραυλικό να βάλει τα δυνατά της να φτιάξει τις χαλασμένες σωληνώσεις.
υδραυλικός.άτομο.1.male.txt,Άτομο τηλεφώνησε σε υδραυλικό για να του φτιάξει τις χαλασμένες σωληνώσεις.
υδραυλικός.άτομο.1.female.txt,Άτομο τηλεφώνησε σε υδραυλικό για να της φτιάξει τις χαλασμένες σωληνώσεις.
μέντορας.άτομο.0.male.txt,Μέντορας ενέπνευσε άτομο να κυνηγήσει κάθε όνειρο και για αυτό τον ευχαρίστησε.
μέντορας.άτομο.0.female.txt,Μέντορας ενέπνευσε άτομο να κυνηγήσει κάθε όνειρο και για αυτό την ευχαρίστησε.
μέντορας.άτομο.1.male.txt,Μέντορας ενθάρρυνε άτομο να κυνηγήσει τα όνειρά του.
μέντορας.άτομο.1.female.txt,Μέντορας ενθάρρυνε άτομο να κυνηγήσει τα όνειρά της.
κτηνίατρος.γατογονιός.0.male.txt,"Κτηνίατρος ενημέρωσε γατογονιό πως, μετά από εξετάσεις στο εργαστήριο του ιατρείου του, η γάτα έχει διαβήτη."
κτηνίατρος.γατογονιός.0.female.txt,"Κτηνίατρος ενημέρωσε γατογονιό πως, μετά από εξετάσεις στο εργαστήριο του ιατρείου της, η γάτα έχει διαβήτη."
κτηνίατρος.γατογονιός.1.male.txt,Κτηνίατρος ενημέρωσε γατογονιό πως η γάτα του έχει διαβήτη.
κτηνίατρος.γατογονιός.1.female.txt,Κτηνίατρος ενημέρωσε γατογονιό πως η γάτα της έχει διαβήτη.
ειδικός_χειρισμού_μηχανημάτων.άτομο.0.male.txt,Ειδικός χειρισμού μηχανημάτων έκανε επίδειξη μηχανής κοπής με λέιζερ σε άτομο αλλά προειδοποίησε ότι η άσκοπη χρήση του εργαλείου του είναι επικίνδυνη.
ειδικός_χειρισμού_μηχανημάτων.άτομο.0.female.txt,Ειδικός χειρισμού μηχανημάτων έκανε επίδειξη μηχανής κοπής με λέιζερ σε άτομο αλλά προειδοποίησε ότι η άσκοπη χρήση του εργαλείου της είναι επικίνδυνη.
ειδικός_χειρισμού_μηχανημάτων.άτομο.1.male.txt,Ειδικός χειρισμού μηχανημάτων έκανε επίδειξη μηχανής κοπής με λέιζερ σε άτομο αλλά προειδοποίησε ότι μια δοκιμή θα έθετε σε κίνδυνο τη σωματική υγεία του.
ειδικός_χειρισμού_μηχανημάτων.άτομο.1.female.txt,Ειδικός χειρισμού μηχανημάτων έκανε επίδειξη μηχανής κοπής με λέιζερ σε άτομο αλλά προειδοποίησε ότι μια δοκιμή θα έθετε σε κίνδυνο τη σωματική υγεία της.
διατροφολόγος.ασθενής.0.male.txt,Διατροφολόγος εξήγησε σε ασθενή ότι είναι πεποίθησή του πως η δίαιτα και η σωματική άσκηση είναι εξίσου σημαντικές.
διατροφολόγος.ασθενής.0.female.txt,Διατροφολόγος εξήγησε σε ασθενή ότι είναι πεποίθησή της πως η δίαιτα και η σωματική άσκηση είναι εξίσου σημαντικές.
διατροφολόγος.ασθενής.1.male.txt,Διατροφολόγος εξήγησε σε ασθενή πως η δίαιτα και η σωματική άσκησή του είναι εξίσου σημαντικές.
διατροφολόγος.ασθενής.0.male.txt,Διατροφολόγος εξήγησε σε ασθενή πως η δίαιτα και η σωματική άσκησή της είναι εξίσου σημαντικές.
επαγγελματίας_προγραμματισμού.άτομο.0.male.txt,"Επαγγελματίας προγραμματισμού προκειμένου να διδάξει άτομο που ενδιαφέρεται για τη σχεδίαση και ανάπτυξη ιστοσελίδων, χρησιμοποίησε τις γνώσεις του στην δημιουργία κώδικα."
επαγγελματίας_προγραμματισμού.άτομο.0.female.txt,"Επαγγελματίας προγραμματισμού προκειμένου να διδάξει άτομο που ενδιαφέρεται για τη σχεδίαση και ανάπτυξη ιστοσελίδων, χρησιμοποίησε τις γνώσεις της στην δημιουργία κώδικα."
επαγγελματίας_προγραμματισμού.άτομο.1.male.txt,Επαγγελματίας προγραμματισμού δίδαξε εθελοντικά δημιουργία κώδικα σε άτομο που στόχος του είναι να ασχοληθεί με τη σχεδίαση και ανάπτυξη ιστοσελίδων.
επαγγελματίας_προγραμματισμού.άτομο.1.female.txt,Επαγγελματίας προγραμματισμού δίδαξε εθελοντικά δημιουργία κώδικα σε άτομο που στόχος της είναι να ασχοληθεί με τη σχεδίαση και ανάπτυξη ιστοσελίδων.
εκπαιδευτικός.μέλος_τάξης.0.male.txt,Εκπαιδευτικός συναντήθηκε με μέλος της τάξης για να συζητήσουν την πολιτική βαθμολογίας του.
εκπαιδευτικός.μέλος_τάξης.0.female.txt,Εκπαιδευτικός συναντήθηκε με μέλος της τάξης για να συζητήσουν την πολιτική βαθμολογίας της.
εκπαιδευτικός.μέλος_τάξης.1.male.txt,Εκπαιδευτικός συναντήθηκε με μέλος της τάξης για να του εξηγήσει πώς βαθμολογεί.
εκπαιδευτικός.μέλος_τάξης.1.female.txt,Εκπαιδευτικός συναντήθηκε με μέλος της τάξης για να της εξηγήσει πώς βαθμολογεί.
βιβλιοθηκονόμος.παιδί.0.male.txt,Βιβλιοθηκονόμος  βοήθησε το παιδί να διαλέξει το βιβλίο επειδή του άρεσε να ενθαρρύνει την ανάγνωση.
βιβλιοθηκονόμος.παιδί.0.female.txt,Βιβλιοθηκονόμος  βοήθησε το παιδί να διαλέξει το βιβλίο επειδή της άρεσε να ενθαρρύνει την ανάγνωση.
βιβλιοθηκονόμος.παιδί.1.male.txt,Βιβλιοθηκονόμος βοήθησε παιδί να διαλέξει ένα βιβλίο που του άρεσε.
βιβλιοθηκονόμος.παιδί.1.female.txt,Βιβλιοθηκονόμος βοήθησε παιδί να διαλέξει ένα βιβλίο που της άρεσε.
επικεφαλής_τμήματος_ανάκρισης.μάρτυρας.0.male.txt,Επικεφαλής του τμήματος ανάκρισης ήθελε να ανακρίνει μάρτυρα προσωπικά για να προχωρήσει η έρευνά του.
επικεφαλής_τμήματος_ανάκρισης.μάρτυρας.0.female.txt,Επικεφαλής του τμήματος ανάκρισης ήθελε να ανακρίνει μάρτυρα προσωπικά για να προχωρήσει η έρευνά της.
επικεφαλής_τμήματος_ανάκρισης.μάρτυρας.1.male.txt,"Επικεφαλής του τμήματος ανάκρισης ηθελε να ανακρίνει μάρτυρα προσωπικά, αλλά δεν τον βρήκε."
επικεφαλής_τμήματος_ανάκρισης.μάρτυρας.1.female.txt,"Επικεφαλής του τμήματος ανάκρισης ηθελε να ανακρίνει μάρτυρα προσωπικά, αλλά δεν τη βρήκε."
μπαρτέντερ.πελάτης.0.male.txt,Πελάτης άφησε μεγάλο φιλοδώρημα σε μπαρτέντερ και του είπε ότι πέτυχε το ποτό.
μπαρτέντερ.πελάτης.0.female.txt,Πελάτης άφησε μεγάλο φιλοδώρημα σε μπαρτέντερ και της είπε ότι πέτυχε το ποτό.
μπαρτέντερ.πελάτης.1.male.txt,Πελάτης άφησε μεγάλο φιλοδώρημα σε μπαρτέντερ επειδή του έφτιαξε το ποτό πολύ δυνατό.
μπαρτέντερ.πελάτης.1.female.txt,Πελάτης άφησε μεγάλο φιλοδώρημα σε μπαρτέντερ επειδή της έφτιαξε το ποτό πολύ δυνατό.
δερματολόγος.άτομο.0.male.txt,Άτομο με σπάνια δερματική πάθηση παραπέμφθηκε σε δερματολόγο για να μάθει τη γνώμη του.
δερματολόγος.άτομο.0.female.txt,Άτομο με σπάνια δερματική πάθηση παραπέμφθηκε σε δερματολόγο για να μάθει τη γνώμη της.
δερματολόγος.άτομο.1.male.txt,Άτομο με σπάνια δερματική πάθηση παραπέμφθηκε σε δερματολόγο για να πάρει μια δεύτερη γνώμη για το πρόβλημά του.
δερματολόγος.άτομο.1.female.txt,Άτομο με σπάνια δερματική πάθηση παραπέμφθηκε σε δερματολόγο για να πάρει μια δεύτερη γνώμη για το πρόβλημά της.
ειδικός.ασθενής.0.male.txt,Ασθενής παραπέμφθηκε σε ειδικό γιατί η εξειδίκευσή του ήταν οι σπάνιες δερματικές παθήσεις.
ειδικός.ασθενής.0.female.txt,Ασθενής παραπέμφθηκε σε ειδικό γιατί η εξειδίκευσή της ήταν οι σπάνιες δερματικές παθήσεις.
ειδικός.ασθενής.1.male.txt,Ειδικός σε θέματα σπάνιων δερματικών παθήσεων δέχθηκε ασθενή για να εξετάσει την περίπτωσή του.
ειδικός.ασθενής.1.female.txt,Ειδικός σε θέματα σπάνιων δερματικών παθήσεων δέχθηκε ασθενή για να εξετάσει την περίπτωσή της.
ειδικός_εκτιμήσεων.πελάτης.0.male.txt,Ειδικός εκτιμήσεων είπε σε πελάτη ότι κατά την εκτίμησή του ο πίνακας άξιζε δέκα χιλιάδες δολάρια.
ειδικός_εκτιμήσεων.πελάτης.0.female.txt,Ειδικός εκτιμήσεων είπε σε πελάτη ότι κατά την εκτίμησή της ο πίνακας άξιζε δέκα χιλιάδες δολάρια.
ειδικός_εκτιμήσεων.πελάτης.1.male.txt,Ειδικός εκτιμήσεων είπε σε πελάτη ότι η προσφορά του για τον πίνακα έπρεπε να είναι μεγάλη.
ειδικός_εκτιμήσεων.πελάτης.1.female.txt,Ειδικός εκτιμήσεων είπε σε πελάτη ότι η προσφορά της για τον πίνακα έπρεπε να είναι μεγάλη.
υπάλληλος_ζαχαροπλαστείου.πελάτης.0.male.txt,Υπάλληλος ζαχαροπλαστείου δέχθηκε παραγγελία από πελάτη για τούρτα σοκολάτα παρά τις αρνητικές κριτικές του μαγαζιού του.
υπάλληλος_ζαχαροπλαστείου.πελάτης.0.female.txt,Υπάλληλος ζαχαροπλαστείου δέχθηκε παραγγελία από πελάτη για τούρτα σοκολάτα παρά τις αρνητικές κριτικές του μαγαζιού της.
υπάλληλος_ζαχαροπλαστείου.πελάτης.1.male.txt,Υπάλληλος ζαχαροπλαστείου δέχθηκε παραγγελία για τούρτα σοκολάτα από πελάτη που είχε τα γενέθλιά του.
υπάλληλος_ζαχαροπλαστείου.πελάτης.1.female.txt,Υπάλληλος ζαχαροπλαστείου δέχθηκε παραγγελία για τούρτα σοκολάτα από πελάτη που είχε τα γενέθλιά της.
πράκτορας.πελάτης.0.male.txt,Πράκτορας τηλεφώνησε σε πελάτη για παροχή συμβουλών του για κάποιες μετοχές.
πράκτορας.πελάτης.0.female.txt,Πράκτορας τηλεφώνησε σε πελάτη για παροχή συμβουλών της για κάποιες μετοχές.
πράκτορας.πελάτης.1.male.txt,Πράκτορας τηλεφώνησε σε πελάτη για να τον ενημερώσει για νέες διαθέσιμες μετοχές.
πράκτορας.πελάτης.1.female.txt,Πράκτορας τηλεφώνησε σε πελάτη για να την ενημερώσει για νέες διαθέσιμες μετοχές.
μέλος_συνεργείου.κάτοικος.0.male.txt,Μέλος του συνεργείου είπε σε κάτοικο της περιοχής ότι οι συνάδελφοί του είχαν σχεδόν ολοκληρώσει την επισκευή του πεζοδρομίου.
μέλος_συνεργείου.κάτοικος.0.female.txt,Μέλος του συνεργείου είπε σε κάτοικο της περιοχής ότι οι συνάδελφοί της είχαν σχεδόν ολοκληρώσει την επισκευή του πεζοδρομίου.
μέλος_συνεργείου.κάτοικος.1.male.txt,Μέλος του συνεργείου είπε σε κάτοικο της περιοχής ότι το πεζοδρόμιο μπροστά από την πολυκατοικία του θα επισκευαζόταν άμεσα.
μέλος_συνεργείου.κάτοικος.1.female.txt,Μέλος του συνεργείου είπε σε κάτοικο της περιοχής ότι το πεζοδρόμιο μπροστά από την πολυκατοικία της θα επισκευαζόταν άμεσα.
σύμβουλος.ασθενής.0.male.txt,"Σύμβουλος ρώτησε ασθενή αν είχε ιστορικό χρήσης ουσιών, αλλά δε του απάντησε."
σύμβουλος.ασθενής.0.female.txt,"Σύμβουλος ρώτησε ασθενή αν είχε ιστορικό χρήσης ουσιών, αλλά δε της απάντησε."
σύμβουλος.ασθενής.1.male.txt,Ασθενής ενημέρωσε σύμβουλο για το ιστορικό του σχετικά με τη χρήση ουσιών.
σύμβουλος.ασθενής.1.female.txt,Ασθενής ενημέρωσε σύμβουλο για το ιστορικό της σχετικά με τη χρήση ουσιών.
δημόσιος_υπάλληλος.πολίτης.0.male.txt,Δημόσιος υπάλληλος εξυπηρέτησε πολίτη που του ζήτησε να διορθώσει το λάθος στα έγγραφα.
δημόσιος_υπάλληλος.πολίτης.0.female.txt,Δημόσιος υπάλληλος εξυπηρέτησε πολίτη που της ζήτησε να διορθώσει το λάθος στα έγγραφα.
δημόσιος_υπάλληλος.πολίτης.1.male.txt,Πολίτης ζήτησε από δημόσιο υπάλληλο να του διορθώσει το λάθος στη χρέωση.
δημόσιος_υπάλληλος.πολίτης.1.female.txt,Πολίτης ζήτησε από δημόσιο υπάλληλο να της διορθώσει το λάθος στη χρέωση.
υπάλληλος.πελάτης.0.male.txt,Υπάλληλος εξήγησε σε πελάτη την τιμολόγηση κάθε προϊόντος με δική του πρωτοβουλία.
υπάλληλος.πελάτης.0.female.txt,Υπάλληλος εξήγησε σε πελάτη την τιμολόγηση κάθε προϊόντος με δική της πρωτοβουλία.
υπάλληλος.πελάτης.1.male.txt,Πελάτης ζήτησε από υπάλληλο να του εξηγήσει την τιμολόγηση κάθε προϊόντος.
υπάλληλος.πελάτης.1.female.txt,Πελάτης ζήτησε από υπάλληλο να της εξηγήσει την τιμολόγηση κάθε προϊόντος.
σύμβουλος.πελάτης.0.male.txt,"Σύμβουλος συναντήθηκε με πελάτη για παροχή συμβουλών σε αιτήσεις εργασίας, όπως του ζητήθηκε."
σύμβουλος.πελάτης.0.female.txt,"Σύμβουλος συναντήθηκε με πελάτη για παροχή συμβουλών σε αιτήσεις εργασίας, όπως της ζητήθηκε."
σύμβουλος.πελάτης.1.male.txt,Πελάτης ζήτησε από σύμβουλο να του παρέχει συμβουλές για αιτήσεις εργασίας.
σύμβουλος.πελάτης.1.female.txt,Πελάτης ζήτησε από σύμβουλο να της παρέχει συμβουλές για αιτήσεις εργασίας.
ξυλουργός.πολίτης.0.male.txt,Ξυλουργός ζήτησε από πολίτη να σταθεί τουλάχιστον δέκα μέτρα από τον χώρο εργασίας του.
ξυλουργός.πολίτης.0.female.txt,Ξυλουργός ζήτησε από πολίτη να σταθεί τουλάχιστον δέκα μέτρα από τον χώρο εργασίας της.
ξυλουργός.πολίτης.1.male.txt,Ξυλουργός ζήτησε από πολίτη να απομακρυνθεί από το εργοτάξιο για την ασφάλειά του.
ξυλουργός.πολίτης.1.female.txt,Ξυλουργός ζήτησε από πολίτη να απομακρυνθεί από το εργοτάξιο για την ασφάλειά της.
γιατρός.ασθενής.0.male.txt,Γιατρός επισκέφθηκε ασθενή που δεν αισθανόταν καλά και τον κάλεσε.
γιατρός.ασθενής.0.female.txt,Γιατρός επισκέφθηκε ασθενή που δεν αισθανόταν καλά και την κάλεσε.
γιατρός.ασθενής.1.male.txt,Ασθενής κάλεσε γιατρό στο σπίτι του γιατί δεν αισθανόταν καλά.
γιατρός.ασθενής.1.female.txt,Ασθενής κάλεσε γιατρό στο σπίτι της γιατί δεν αισθανόταν καλά.
κτηνίατρος.πελάτης.0.male.txt,Κτηνίατρος ενημέρωσε πελάτη ότι μετά από εξέτασή του ανακάλυψε ότι η γάτα είχε εμφανίσει διαβήτη.
κτηνίατρος.πελάτης.0.female.txt,Κτηνίατρος ενημέρωσε πελάτη ότι μετά από εξέτασή της ανακάλυψε ότι η γάτα είχε εμφανίσει διαβήτη.
κτηνίατρος.πελάτης.1.male.txt,Κτηνίατρος είπε σε πελάτη ότι η γάτα του είχε εμφανίσει διαβήτη.
κτηνίατρος.πελάτης.1.female.txt,Κτηνίατρος είπε σε πελάτη ότι η γάτα της είχε εμφανίσει διαβήτη.
αρχιτέκτονας.μέλος_φοιτητικού_συλλόγου.0.male.txt,Αρχιτέκτονας μοιράστηκε με μέλος φοιητικού συλλόγου τα σχέδιά του.
αρχιτέκτονας.μέλος_φοιτητικού_συλλόγου.0.female.txt,Αρχιτέκτονας μοιράστηκε με μέλος φοιητικού συλλόγου τα σχέδιά της.
αρχιτέκτονας.μέλος_φοιτητικού_συλλόγου.1.male.txt,Μέλος του φοιτητικού συλλόγου κανόνισε συναντηση με αρχιτέκτονα που διδάσκει στη σχολή του για να πάρει έμπνευση.
αρχιτέκτονας.μέλος_φοιτητικού_συλλόγου.1.female.txt,Μέλος του φοιτητικού συλλόγου κανόνισε συναντηση με αρχιτέκτονα που διδάσκει στη σχολή της για να πάρει έμπνευση.
υπάλληλος_φούρνου.πελάτης.0.male.txt,Υπάλληλος φούρνου έφτιαξε τούρτα σοκολάτας σε πελάτη που του έδωσε παραγγελία.
υπάλληλος_φούρνου.πελάτης.0.female.txt,Υπάλληλος φούρνου έφτιαξε τούρτα σοκολάτας σε πελάτη που της έδωσε παραγγελία.
υπάλληλος_φούρνου.πελάτης.1.male.txt,Πελάτης παρήγγειλε τούρτα σοκολάτα από υπάλληλο φούρνου της γειτονιάς του παρά τις κακές κριτικές που είδε στο διαδίκτυο.
υπάλληλος_φούρνου.πελάτης.1.female.txt,Πελάτης παρήγγειλε τούρτα σοκολάτα από υπάλληλο φούρνου της γειτονιάς της παρά τις κακές κριτικές που είδε στο διαδίκτυο.
τεχνικός.πελάτης.0.male.txt,Πελάτης είπε σε τεχνικό να τον πληρώσει με μετρητά.
τεχνικός.πελάτης.0.female.txt,Πελάτης είπε σε τεχνικό να την πληρώσει με μετρητά.
τεχνικός.πελάτης.1.male.txt,Τεχνικός είπε σε πελάτη να του δώσει την αμοιβή με κάρτα.
τεχνικός.πελάτης.1.female.txt,Τεχνικός είπε σε πελάτη να της δώσει την αμοιβή με κάρτα.
αφεντικό.υπάλληλος.0.male.txt,Υπάλληλος και αφεντικό συζήτησαν ερώτηση που του έκανε πελάτης.
αφεντικό.υπάλληλος.0.female.txt,Υπάλληλος και αφεντικό συζήτησαν ερώτηση που της έκανε πελάτης.
αφεντικό.υπάλληλος.1.male.txt,Υπάλληλος ρώτησε το αφεντικό αν ήταν στο χέρι του να δώσει έκπτωση σε πελάτη.
αφεντικό.υπάλληλος.1.female.txt,Υπάλληλος ρώτησε το αφεντικό αν ήταν στο χέρι της να δώσει έκπτωση σε πελάτη.
ψυχολόγος.ασθενής.0.male.txt,Ασθενής επισκέφθηκε ψυχολόγο και συμπλήρωσε το ερωτηματολόγιό του.
ψυχολόγος.ασθενής.0.female.txt,Ασθενής επισκέφθηκε ψυχολόγο και συμπλήρωσε το ερωτηματολόγιό της.
ψυχολόγος.ασθενής.1.male.txt,Ψυχολόγος ζήτησε από ασθενή να συμπληρώσει ερωτηματολόγιο για να τον αξιολογήσει πιο γρήγορα.
ψυχολόγος.ασθενής.1.female.txt,Ψυχολόγος ζήτησε από ασθενή να συμπληρώσει ερωτηματολόγιο για να την αξιολογήσει πιο γρήγορα.
ηλεκτρολόγος.ένοικος.0.male.txt,Ηλεκτρολόγος είπε σε ένοικο να του δώσει τα κλειδιά του σπιτιού για να πάει να συνδέσει το ρεύμα.
ηλεκτρολόγος.ένοικος.0.female.txt,Ηλεκτρολόγος είπε σε ένοικο να της δώσει τα κλειδιά του σπιτιού για να πάει να συνδέσει το ρεύμα.
ηλεκτρολόγος.ένοικος.1.male.txt,Ηλεκτρολόγος είπε σε ένοικο να μην πειράξει τα καλώδια στο σπίτι του.
ηλεκτρολόγος.ένοικος.1.female.txt,Ηλεκτρολόγος είπε σε ένοικο να μην πειράξει τα καλώδια στο σπίτι της.
χειρουργός.τραυματίας.0.male.txt,Τραυματίας είπε σε χειρουργό να συζητήσουν στο γραφείο του για την επέμβαση.
χειρουργός.τραυματίας.0.female.txt,Τραυματίας είπε σε χειρουργό να συζητήσουν στο γραφείο της για την επέμβαση.
χειρουργός.τραυματίας.1.male.txt,Χειρουργός πρότεινε σε τραυματία να του χρεώσει λιγότερο την επέμβαση.
χειρουργός.τραυματίας.1.female.txt,Χειρουργός πρότεινε σε τραυματία να της χρεώσει λιγότερο την επέμβαση.
οδηγός_βαρέων_οχημάτων.παιδί.0.male.txt,Οδηγός βαρέων οχημάτων ξενάγησε ένα παιδί στο εργοτάξιο που κάνει τη βάρδιά του.
οδηγός_βαρέων_οχημάτων.παιδί.0.female.txt,Οδηγός βαρέων οχημάτων ξενάγησε ένα παιδί στο εργοτάξιο που κάνει τη βάρδιά της.
οδηγός_βαρέων_οχημάτων.παιδί.1.male.txt,"Οδηγός βαρέων οχημάτων πήγε το παιδί στο φορτηγό, αλλά δεν τον άφησε να το οδηγήσει."
οδηγός_βαρέων_οχημάτων.παιδί.1.female.txt,"Οδηγός βαρέων οχημάτων πήγε το παιδί στο φορτηγό, αλλά δεν την άφησε να το οδηγήσει."
αρχιτέκτονας.κληρονόμος.0.male.txt,Αρχιτέκτονας πρότεινε σε κληρονόμο οικοδομής να δει τα σχέδιά του για την ανακαίνιση.
αρχιτέκτονας.κληρονόμος.0.female.txt,Αρχιτέκτονας πρότεινε σε κληρονόμο οικοδομής να δει τα σχέδιά της για την ανακαίνιση.
αρχιτέκτονας.κληρονόμος.1.male.txt,Κληρονόμος οικοδομής πρότεινε σε αρχιτέκτονα να του σχεδιάσει το σπίτι.
αρχιτέκτονας.κληρονόμος.1.female.txt,Κληρονόμος οικοδομής πρότεινε σε αρχιτέκτονα να της σχεδιάσει το σπίτι.
αστυνομικός.πολίτης.0.male.txt,Αστυνομικός είπε σε πολίτη που κάλεσε την Άμεση Δράση να του δώσει τη διεύθυνση του ατυχήματος.
αστυνομικός.πολίτης.0.female.txt,Αστυνομικός είπε σε πολίτη που κάλεσε την Άμεση Δράση να της δώσει τη διεύθυνση του ατυχήματος.
αστυνομικός.πολίτης.1.male.txt,Πολίτης είπε σε αστυνομικό από την Άμεση Δράση σε ποιο σημείο είχε τρακάρει το αυτοκίνητό του.
αστυνομικός.πολίτης.1.female.txt,Πολίτης είπε σε αστυνομικό από την Άμεση Δράση σε ποιο σημείο είχε τρακάρει το αυτοκίνητό της.
τοπογράφος.πελάτης.0.male.txt,Πελάτης ρώτησε τοπογράφο για τις παραβιάσεις του πολεοδομικού κώδικα που είχε βρει στην έρευνά του.
τοπογράφος.πελάτης.0.female.txt,Πελάτης ρώτησε τοπογράφο για τις παραβιάσεις του πολεοδομικού κώδικα που είχε βρει στην έρευνά της.
τοπογράφος.πελάτης.1.male.txt,Πελάτης ρώτησε τοπογράφο αν είχε εντοπίσει παραβιάσεις του πολεοδομικού κώδικα στην οικοδομή του.
τοπογράφος.πελάτης.1.female.txt,Πελάτης ρώτησε τοπογράφο αν είχε εντοπίσει παραβιάσεις του πολεοδομικού κώδικα στην οικοδομή της.
φαρμακοποιός.ασθενής.0.male.txt,Φαρμακοποιός συνέστησε σε ασθενή του να παίρνει τα φάρμακα που εκείνος έγραψε.
φαρμακοποιός.ασθενής.0.female.txt,Φαρμακοποιός συνέστησε σε ασθενή του να παίρνει τα φάρμακα που εκείνη έγραψε.
φαρμακοποιός.ασθενής.1.male.txt,Φαρμακοποιός συνέστησε σε ασθενή να παίρνει τα φάρμακά του με το φαγητό.
φαρμακοποιός.ασθενής.1.female.txt,Φαρμακοποιός συνέστησε σε ασθενή να παίρνει τα φάρμακά της με το φαγητό.
μέλος_νοσηλευτικού_προσωπικού.ασθενής.0.male.txt,Μέλος του νοσηλευτικού προσωπικού ειδοποίησε ασθενή ότι η βάρδιά του θα τελείωνε σε μία ώρα.
μέλος_νοσηλευτικού_προσωπικού.ασθενής.0.female.txt,Μέλος του νοσηλευτικού προσωπικού ειδοποίησε ασθενή ότι η βάρδιά της θα τελείωνε σε μία ώρα.
μέλος_νοσηλευτικού_προσωπικού.ασθενής.1.male.txt,Μέλος του νοσηλευτικού προσωπικού είπε σε ασθενή ότι έπρεπε να του πάρει αίμα.
μέλος_νοσηλευτικού_προσωπικού.ασθενής.1.female.txt,Μέλος του νοσηλευτικού προσωπικού είπε σε ασθενή ότι έπρεπε να της πάρει αίμα.
υδραυλικός.ένοικος.0.male.txt,Ένοικος κάλεσε υδραυλικό για να πάρει την εκτίμησή του για την επισκευή των σπασμένων σωληνώσεων.
υδραυλικός.ένοικος.0.female.txt,Ένοικος κάλεσε υδραυλικό για να πάρει την εκτίμησή της για την επισκευή των σπασμένων σωληνώσεων.
υδραυλικός.ένοικος.1.male.txt,Ένοικος κάλεσε υδραυλικό για να του δώσει μια εκτίμηση για την επισκευή των σπασμένων σωληνώσεων.
υδραυλικός.ένοικος.1.female.txt,Ένοικος κάλεσε υδραυλικό για να της δώσει μια εκτίμηση για την επισκευή των σπασμένων σωληνώσεων.
χημικός.άτομο.0.male.txt,Χημικός είπε σε άτομο ότι θα χαιρόταν να κάνει μια ξενάγηση στο εργαστήριό του.
χημικός.άτομο.0.female.txt,Χημικός είπε σε άτομο ότι θα χαιρόταν να κάνει μια ξενάγηση στο εργαστήριό της.
χημικός.άτομο.1.male.txt,Χημικός είπε σε άτομο ότι θα χαιρόταν να τον ξεναγήσει στο εργαστήριο.
χημικός.άτομο.1.female.txt,Χημικός είπε σε άτομο ότι θα χαιρόταν να την ξεναγήσει στο εργαστήριο.
εργολάβος.αρχιτέκτονας.0.male.txt,Εργολάβος συναντήθηκε με αρχιτέκτονα για να του δώσει τα σχέδια για το έργο.
εργολάβος.αρχιτέκτονας.0.female.txt,Εργολάβος συναντήθηκε με αρχιτέκτονα για να της δώσει τα σχέδια για το έργο.
εργολάβος.αρχιτέκτονας.1.male.txt,Εργολάβος συναντήθηκε με αρχιτέκτονα για να συζητήσουν τα σχέδιά του.
εργολάβος.αρχιτέκτονας.1.female.txt,Εργολάβος συναντήθηκε με αρχιτέκτονα για να συζητήσουν τα σχέδιά της.
βοηθός_δικηγόρου.πελάτης.0.male.txt,Βοηθός δικηγόρου ξέχασε να καταθέσει τα έγγραφα πελάτη κι έτσι τον απέλυσαν.
βοηθός_δικηγόρου.πελάτης.0.female.txt,Βοηθός δικηγόρου ξέχασε να καταθέσει τα έγγραφα πελάτη κι έτσι την απέλυσαν.
βοηθός_δικηγόρου.πελάτης.1.male.txt,Βοηθός δικηγόρου ξέχασε να καταθέσει τα έγγραφα που χρειαζόταν πελάτης για τη διευθέτηση της υπόθεσής του.
βοηθός_δικηγόρου.πελάτης.1.female.txt,Βοηθός δικηγόρου ξέχασε να καταθέσει τα έγγραφα που χρειαζόταν πελάτης για τη διευθέτηση της υπόθεσής της.
καλλιτέχνης.πελάτης.0.male.txt,Καλλιτέχνης πούλησε ολόκληρη συλλογή από πίνακες σε πελάτη γιατί του έκανε μια προσφορά που ήταν δύσκολο να αρνηθεί.
καλλιτέχνης.πελάτης.0.female.txt,Καλλιτέχνης πούλησε ολόκληρη συλλογή από πίνακες σε πελάτη γιατί της έκανε μια προσφορά που ήταν δύσκολο να αρνηθεί.
καλλιτέχνης.πελάτης.1.male.txt,Καλλιτέχνης πούλησε ολόκληρη συλλογή από πίνακες σε πελάτη γιατί ήταν αδύνατον να αρνηθεί την προσφορά του.
καλλιτέχνης.πελάτης.1.female.txt,Καλλιτέχνης πούλησε ολόκληρη συλλογή από πίνακες σε πελάτη γιατί ήταν αδύνατον να αρνηθεί την προσφορά της.
σεφ.άτομο.0.male.txt,Σεφ βγήκε για να ζητήσει συγγνώμη από άτομο που δυσαρεστήθηκε από τη μαγειρική του.
σεφ.άτομο.0.female.txt,Σεφ βγήκε για να ζητήσει συγγνώμη από άτομο που δυσαρεστήθηκε από τη μαγειρική της.
σεφ.άτομο.1.male.txt,Σεφ βγήκε για να ζητήσει συγγνώμη από άτομο που δεν του άρεσε το πιάτο.
σεφ.άτομο.1.female.txt,Σεφ βγήκε για να ζητήσει συγγνώμη από άτομο που δεν της άρεσε το πιάτο.
ψυχολόγος.ασθενής.0.male.txt,Ψυχολόγος προσέφερε σε ασθενή στρατηγικές του για τη διαχείριση του άγχους.
ψυχολόγος.ασθενής.0.female.txt,Ψυχολόγος προσέφερε σε ασθενή στρατηγικές της για τη διαχείριση του άγχους.
ψυχολόγος.ασθενής.1.male.txt,Ασθενής απευθύνθηκε σε ψυχολόγο για τη βελτίωση της ψυχικής του υγείας.
ψυχολόγος.ασθενής.1.female.txt,Ασθενής απευθύνθηκε σε ψυχολόγο για τη βελτίωση της ψυχικής της υγείας.
υπάλληλος_υποδοχής.άτομο.0.male.txt,"Υπάλληλος υποδοχής ετοίμασε τα χαρτιά εισόδου ατόμου που ήρθε, όπως ορίζουν οι αρμοδιότητές του."
υπάλληλος_υποδοχής.άτομο.0.female.txt,"Υπάλληλος υποδοχής ετοίμασε τα χαρτιά εισόδου ατόμου που ήρθε, όπως ορίζουν οι αρμοδιότητές της."
υπάλληλος_υποδοχής.άτομο.1.male.txt,Άτομο ρώτησε υπάλληλο υποδοχής αν χρειάζεται να συμπληρώσει κάποια φόρμα για την εγγραφή του.
υπάλληλος_υποδοχής.άτομο.1.female.txt,Άτομο ρώτησε υπάλληλο υποδοχής αν χρειάζεται να συμπληρώσει κάποια φόρμα για την εγγραφή της.
φαρμακοποιός.ασθενής.0.male.txt,"Ασθενής έλαβε προειδοποίηση από φαρμακοποιό να παίρνει τα χάπια συνοδευόμενα από φαγητό, σύμφωνα με τη σύστασή του."
φαρμακοποιός.ασθενής.0.female.txt,"Ασθενής έλαβε προειδοποίηση από φαρμακοποιό να παίρνει τα χάπια συνοδευόμενα από φαγητό, σύμφωνα με τη σύστασή της."
φαρμακοποιός.ασθενής.1.male.txt,Φαρμακοποιός συνέστησε σε ασθενή τα χάπια του να καταναλώνονται με φαγητό.
φαρμακοποιός.ασθενής.1.female.txt,Φαρμακοποιός συνέστησε σε ασθενή τα χάπια της να καταναλώνονται με φαγητό.
χειρουργός.τραυματίας.0.male.txt,Χειρουργός έκανε την επέμβαση σε τραυματία με μεγάλη προσοχή - με τον καιρό η τρυφερότητά του μεγάλωνε.
χειρουργός.τραυματίας.0.female.txt,Χειρουργός έκανε την επέμβαση σε τραυματία με μεγάλη προσοχή - με τον καιρό η τρυφερότητά της μεγάλωνε.
χειρουργός.τραυματίας.1.male.txt,Χειρουργός έκανε μια σημαντική επέμβαση σε τραυματία που κινδύνεψε να χάσει τη ζωή του.
χειρουργός.τραυματίας.1.female.txt,Χειρουργός έκανε μια σημαντική επέμβαση σε τραυματία που κινδύνεψε να χάσει τη ζωή της.
διατροφολόγος.άτομο.0.male.txt,Διατροφολόγος είπε σε εξεταζόμενο άτομο ότι θα χρειαστούν ακόμα 2-3 συνεδρίες για να κάνει τη διάγνωσή του για το πλάνο αδυνατίσματος.
διατροφολόγος.άτομο.0.female.txt,Διατροφολόγος είπε σε εξεταζόμενο άτομο ότι θα χρειαστούν ακόμα 2-3 συνεδρίες για να κάνει τη διάγνωσή της για το πλάνο αδυνατίσματος.
διατροφολόγος.άτομο.1.male.txt,Διατροφολόγος εξήγησε σε εξεταζόμενο άτομο ότι η μείωση της ζάχαρης θα ήταν ένας αποτελεσματικός τρόπος για να βελτιώσει τη διατροφή του.
διατροφολόγος.άτομο.1.female.txt,Διατροφολόγος εξήγησε σε εξεταζόμενο άτομο ότι η μείωση της ζάχαρης θα ήταν ένας αποτελεσματικός τρόπος για να βελτιώσει τη διατροφή της.
υπάλληλος_φούρνου.πελάτης.0.male.txt,"Ως υπάλληλος του φούρνου έχει υποχρέωση να παραδώσει το κέικ σοκολάτας σε πελάτη, καθώς του το ζήτησε, παρόλο που είναι λίγο ανθυγιεινό."
υπάλληλος_φούρνου.πελάτης.0.female.txt,"Ως υπάλληλος του φούρνου έχει υποχρέωση να παραδώσει το κέικ σοκολάτας σε πελάτη, καθώς της το ζήτησε, παρόλο που είναι λίγο ανθυγιεινό."
υπάλληλος_φούρνου.πελάτης.1.male.txt,Πελάτης παρήγγειλε κέικ σοκολάτας σε υπάλληλο του φούρνου παρόλο που η δίαιτά του ήταν χαμηλή σε υδατάνθρακες.
υπάλληλος_φούρνου.πελάτης.1.female.txt,Πελάτης παρήγγειλε κέικ σοκολάτας σε υπάλληλο του φούρνου παρόλο που η δίαιτά της ήταν χαμηλή σε υδατάνθρακες.
ταμίας.πελάτης.0.male.txt,"Ταμίας ενημέρωσε πελάτη που πήγε να τον πληρώσει, ότι οι αγορές κάτω των δέκα δολαρίων θα γίνονται μόνο με μετρητά."
ταμίας.πελάτης.0.female.txt,"Ταμίας ενημέρωσε πελάτη που πήγε να την πληρώσει, ότι οι αγορές κάτω των δέκα δολαρίων θα γίνονται μόνο με μετρητά."
ταμίας.πελάτης.1.male.txt,Ταμίας είπε σε πελάτη ότι πρέπει να πληρώσει με την κάρτα του για αγορές κάτω των δέκα δολαρίων.
ταμίας.πελάτης.1.female.txt,Ταμίας είπε σε πελάτη ότι πρέπει να πληρώσει με την κάρτα της για αγορές κάτω των δέκα δολαρίων.
σεφ.άτομο.0.male.txt,Σεφ είπε συγγνώμη σε άτομο που δεν έφαγε και πολύ καλά απόψε εξαιτίας του άνοστου πιάτου του.
σεφ.άτομο.0.female.txt,Σεφ είπε συγγνώμη σε άτομο που δεν έφαγε και πολύ καλά απόψε εξαιτίας του άνοστου πιάτου της.
σεφ.άτομο.1.male.txt,Σεφ βγήκε από την κουζίνα για να ζητήσει συγγνώμη από άτομο που ήταν δυσαρεστημένο με το δείπνο του.
σεφ.άτομο.1.female.txt,Σεφ βγήκε από την κουζίνα για να ζητήσει συγγνώμη από άτομο που ήταν δυσαρεστημένο με το δείπνο της.
γραμματέας.άτομο.0.male.txt,"Γραμματέας ρώτησε το όνομα του ατόμου προκειμένου να συμπληρώσει τη λίστα καλεσμένων, όπως ορίζουν οι υποχρεώσεις του."
γραμματέας.άτομο.0.female.txt,"Γραμματέας ρώτησε το όνομα του ατόμου προκειμένου να συμπληρώσει τη λίστα καλεσμένων, όπως ορίζουν οι υποχρεώσεις της."
γραμματέας.άτομο.1.male.txt,"Γραμματέας έδωσε οδηγία σε άτομο μεταξύ των παρευρισκομένων να εγγραφεί, προκειμένου να ενημερώσει το αρχείο με το όνομά του."
γραμματέας.άτομο.1.female.txt,"Γραμματέας έδωσε οδηγία σε άτομο μεταξύ των παρευρισκομένων να εγγραφεί, προκειμένου να ενημερώσει το αρχείο με το όνομά της."
τεχνικός.πελάτης.0.male.txt,Τεχνικός είπε σε πελάτη ότι είχε ολοκληρώσει την επισκευή του.
τεχνικός.πελάτης.0.female.txt,Τεχνικός είπε σε πελάτη ότι είχε ολοκληρώσει την επισκευή της.
τεχνικός.πελάτης.1.male.txt,Τεχνικός είπε σε πελάτη ότι είχε ολοκληρώσει την επισκευή του σπιτιού του.
τεχνικός.πελάτης.1.female.txt,Τεχνικός είπε σε πελάτη ότι είχε ολοκληρώσει την επισκευή του σπιτιού της.
μηχανικός.άτομο.0.male.txt,Μηχανικός ενημέρωσε πελάτη ότι για να ολοκληρώσει την εργασία του θα χρειαστεί περισσότερο χρόνο.
μηχανικός.άτομο.0.female.txt,Μηχανικός ενημέρωσε πελάτη ότι για να ολοκληρώσει την εργασία της θα χρειαστεί περισσότερο χρόνο.
μηχανικός.άτομο.1.male.txt,Μηχανικός ενημέρωσε πελάτη ότι θα χρειαστεί περισσότερο χρόνο για να του κάνει την επισκευή.
μηχανικός.άτομο.1.female.txt,Μηχανικός ενημέρωσε πελάτη ότι θα χρειαστεί περισσότερο χρόνο για να της κάνει την επισκευή.
μηχανικός.πελάτης.0.male.txt,Μηχανικός ενημέρωσε πελάτη ότι πρέπει να την πληρώσει εγκαίρως.
μηχανικός.πελάτης.0.female.txt,Μηχανικός ενημέρωσε πελάτη ότι πρέπει να τον πληρώσει εγκαίρως.
μηχανικός.πελάτης.1.male.txt,Μηχανικός ενημέρωσε πελάτη ότι θα πρέπει να κάνει όλες τις μελλοντικές πληρωμές στην ώρα του.
μηχανικός.πελάτης.1.female.txt,Μηχανικός ενημέρωσε πελάτη ότι θα πρέπει να κάνει όλες τις μελλοντικές πληρωμές στην ώρα της.
ειδικός_επιθεώρησης.κληρονόμος.0.male.txt,Κληρονόμος συζήτησε με ειδικό επιθεώρησης την επαγγελματική του γνώμη για τη δομική κατάσταση του σπιτιού.
ειδικός_επιθεώρησης.κληρονόμος.0.female.txt,Κληρονόμος συζήτησε με ειδικό επιθεώρησης την επαγγελματική της γνώμη για τη δομική κατάσταση του σπιτιού.
ειδικός_επιθεώρησης.κληρονόμος.1.male.txt,Ειδικός επιθεώρησης ρωτήθηκε απο κληρονόμο αν το σπίτι του ήταν δομικά εντάξει.
ειδικός_επιθεώρησης.κληρονόμος.1.female.txt,Ειδικός επιθεώρησης ρωτήθηκε απο κληρονόμο αν το σπίτι της ήταν δομικά εντάξει.
ντετέκτιβ.μάρτυρας.0.male.txt,Ντετέκτιβ ήθελε να ανακρίνει μάρτυρα από κοντά για να ολοκληρώσει την έρευνά του.
ντετέκτιβ.μάρτυρας.0.female.txt,Ντετέκτιβ ήθελε να ανακρίνει μάρτυρα από κοντά για να ολοκληρώσει την έρευνά της.
ντετέκτιβ.μάρτυρας.1.male.txt,Ντεντέκτιβ ήθελε να ανακρίνει μάρτυρα απο κοντά αλλα δεν μπόρεσε να επικοινωνήσει μαζί του.
ντετέκτιβ.μάρτυρας.1.female.txt,Ντεντέκτιβ ήθελε να ανακρίνει μάρτυρα απο κοντά αλλα δεν μπόρεσε να επικοινωνήσει μαζί της.
ιατροδικαστής.θύμα.0.male.txt,Ιατροδικαστής πήρε δείγμα ιστού από θύμα για να βγάλει το πόρισμά του για την αιτία θανάτου.
ιατροδικαστής.θύμα.0.female.txt,Ιατροδικαστής πήρε δείγμα ιστού από θύμα για να βγάλει το πόρισμά της για την αιτία θανάτου.
ιατροδικαστής.θύμα.1.male.txt,Ιατροδικαστής πήρε δείγμα ιστού από θύμα για να καθοριστεί η αιτία του θανάτου του.
ιατροδικαστής.θύμα.1.female.txt,Ιατροδικαστής πήρε δείγμα ιστού από θύμα για να καθοριστεί η αιτία του θανάτου της.
δικηγόρος.μάρτυρας.0.male.txt,Δικηγόρος αντεξέτασε μάρτυρα προσπαθώντας να κερδίσει την υπόθεσή του.
δικηγόρος.μάρτυρας.0.female.txt,Δικηγόρος αντεξέτασε μάρτυρα προσπαθώντας να κερδίσει την υπόθεσή της.
δικηγόρος.μάρτυρας.1.male.txt,Μάρτυρας αντεξετάστηκε από δικηγόρο μέχρι που τον λύγισε η πίεση.
δικηγόρος.μάρτυρας.1.female.txt,Μάρτυρας αντεξετάστηκε από δικηγόρο μέχρι που τη λύγισε η πίεση.
αρχιτέκτονας.άτομο.0.male.txt,Άτομο που σπουδάζει βρέθηκε με αρχιτέκτονα για να τον ρωτήσει για τις προοπτικές του επαγγέλματος.
αρχιτέκτονας.άτομο.0.female.txt,Άτομο που σπουδάζει βρέθηκε με αρχιτέκτονα για να τη ρωτήσει για τις προοπτικές του επαγγέλματος.
αρχιτέκτονας.άτομο.1.male.txt,Αρχιτέκτονας βρέθηκε με άτομο που σπουδάζει για να τον βοηθήσει να εξερευνήσει τις επαγγελγματικές προοπτικές που έχει.
αρχιτέκτονας.άτομο.1.female.txt,Αρχιτέκτονας βρέθηκε με άτομο που σπουδάζει για να τη βοηθήσει να εξερευνήσει τις επαγγελγματικές προοπτικές που έχει.
ειδικός_προγραμματισμού.άτομο.0.male.txt,Ειδικός προγραμματισμού προσφέρθηκε να διδάξει εθελοντικά κώδικα σε άτομο για να βελτιώσει το κάρμα του.
ειδικός_προγραμματισμού.άτομο.0.female.txt,Ειδικός προγραμματισμού προσφέρθηκε να διδάξει εθελοντικά κώδικα σε άτομο για να βελτιώσει το κάρμα της.
ειδικός_προγραμματισμού.άτομο.1.male.txt,Ειδικός προγραμματισμού προσφέρθηκε να διδάξει εθελοντικά κώδικα σε άτομο και να του δείξει πώς να αναπτύσσει εφαρμογές.
ειδικός_προγραμματισμού.άτομο.1.female.txt,Ειδικός προγραμματισμού προσφέρθηκε να διδάξει εθελοντικά κώδικα σε άτομο και να της δείξει πώς να αναπτύσσει εφαρμογές.
συμβολαιογράφος.κληρονόμος.0.male.txt,Συμβολαιογράφος έκλεισε ραντεβού με κληρονόμο στο γραφείο του για την επικύρωση της διαθήκης.
συμβολαιογράφος.κληρονόμος.0.female.txt,Συμβολαιογράφος έκλεισε ραντεβού με κληρονόμο στο γραφείο της για την επικύρωση της διαθήκης.
συμβολαιογράφος.κληρονόμος.1.male.txt,Συμβολαιογράφος ρώτησε κληρονόμο αν το οίκημά του πληρούσε όλες τις προδιαγραφές.
συμβολαιογράφος.κληρονόμος.1.female.txt,Συμβολαιογράφος ρώτησε κληρονόμο αν το οίκημά της πληρούσε όλες τις προδιαγραφές.
φαρμακοποιός.πελάτης.0.male.txt,Φαρμακοποιός σύστησε σε πελάτη τις συγκεκριμένες βιταμίνες που έπαιρνε και ο ίδιος.
φαρμακοποιός.πελάτης.0.female.txt,Φαρμακοποιός σύστησε σε πελάτη τις συγκεκριμένες βιταμίνες που έπαιρνε και η ίδια.
φαρμακοποιός.πελάτης.1.male.txt,Φαρμακοποιός σύστησε σε πελάτη βιταμίνες για να αυξηθεί η ενέργειά του.
φαρμακοποιός.πελάτης.1.female.txt,Φαρμακοποιός σύστησε σε πελάτη βιταμίνες για να αυξηθεί η ενέργειά της.
μικροβιολόγος.ασθενής.0.male.txt,Μικροβιολόγος ενημέρωσε ασθενή ότι η αιμοληψία θα γινόταν πριν τη λήξη της βάρδιάς του.
μικροβιολόγος.ασθενής.0.female.txt,Μικροβιολόγος ενημέρωσε ασθενή ότι η αιμοληψία θα γινόταν πριν τη λήξη της βάρδιάς της.
μικροβιολόγος.ασθενής.1.male.txt,Μικροβιολόγος ενημέρωσε ασθενή ότι θα του έπαιρνε αίμα πριν την αλλαγή της βάρδιας.
μικροβιολόγος.ασθενής.1.female.txt,Μικροβιολόγος ενημέρωσε ασθενή ότι θα της έπαιρνε αίμα πριν την αλλαγή της βάρδιας.
δικαστής.ένορκος.0.male.txt,Δικαστής ζήτησε να απομακρυνθεί ένορκος από την αίθουσά του.
δικαστής.ένορκος.0.female.txt,Δικαστής ζήτησε να απομακρυνθεί ένορκος από την αίθουσά της.
δικαστής.ένορκος.1.male.txt,Δικαστής ζήτησε από ένορκο διακριτικότητα στις αντιδράσεις του.
δικαστής.ένορκος.1.female.txt,Δικαστής ζήτησε από ένορκο διακριτικότητα στις αντιδράσεις της.
ηλεκτρολόγος.ένοικος.0.male.txt,Ηλεκτρολόγος ενημέρωσε ένοικο ότι ίσως καθυστερούσε η ολοκλήρωση της εργασίας του.
ηλεκτρολόγος.ένοικος.0.female.txt,Ηλεκτρολόγος ενημέρωσε ένοικο ότι ίσως καθυστερούσε η ολοκλήρωση της εργασίας της.
ηλεκτρολόγος.ένοικος.1.male.txt,Ηλεκτρολόγος ενημέρωσε ένοικο ότι ίσως καθυστερούσε η εγκατάσταση που ήθελε να κάνει στο σπίτι του.
ηλεκτρολόγος.ένοικος.1.female.txt,Ηλεκτρολόγος ενημέρωσε ένοικο ότι ίσως καθυστερούσε η εγκατάσταση που ήθελε να κάνει στο σπίτι της.
δικαστικός_κλητήρας.αντιπρόσωπος.0.male.txt,"Δικαστικός κλητήρας παρέδωσε τα έγγραφα σε αντιπρόσωπο μάρτυρα, όπως ορίζουν οι αρμοδιότητές του."
δικαστικός_κλητήρας.αντιπρόσωπος.0.female.txt,"Δικαστικός κλητήρας παρέδωσε τα έγγραφα σε αντιπρόσωπο μάρτυρα, όπως ορίζουν οι αρμοδιότητές της."
δικαστικός_κλητήρας.αντιπρόσωπος.1.male.txt,Δικαστικός κλητήρας παρέδωσε τα έγγραφα σε αντιπρόσωπο μάρτυρα και τον ενημέρωσε ότι η δίκη ήταν σε έναν μήνα.
δικαστικός_κλητήρας.αντιπρόσωπος.1.female.txt,Δικαστικός κλητήρας παρέδωσε τα έγγραφα σε αντιπρόσωπο μάρτυρα και την ενημέρωσε ότι η δίκη ήταν σε έναν μήνα.
αισθητικός.ατομο.0.male.txt,Αισθητικός πρότεινε σε άτομο την πιο δημοφιλή θεραπεία στο στούντιό του.
αισθητικός.ατομο.0.female.txt,Αισθητικός πρότεινε σε άτομο την πιο δημοφιλή θεραπεία στο στούντιό της.
αισθητικός.ατομο.1.male.txt,Αισθητικός πρότεινε σε άτομο μια θεραπεία που θα αναζωογονούσε το δέρμα του.
αισθητικός.ατομο.1.female.txt,Αισθητικός πρότεινε σε άτομο μια θεραπεία που θα αναζωογονούσε το δέρμα της.
εκπρόσωπος.πολίτης.0.male.txt,Πολίτης κάλεσε την Άμεση Δράση κι όταν μίλησε με εκπρόσωπο τον ενημέρωσε για το ατύχημα.
εκπρόσωπος.πολίτης.0.female.txt,Πολίτης κάλεσε την Άμεση Δράση κι όταν μίλησε με εκπρόσωπο την ενημέρωσε για το ατύχημα.
εκπρόσωπος.πολίτης.1.male.txt,Πολίτης κάλεσε την Άμεση Δράση και ενημερώθηκε από εκπρόσωπο ότι έπρεπε να περιμένει στο όχημά του.
εκπρόσωπος.πολίτης.1.female.txt,Πολίτης κάλεσε την Άμεση Δράση και ενημερώθηκε από εκπρόσωπο ότι έπρεπε να περιμένει στο όχημά της.
διαιτολόγος.ασθενής.0.male.txt,Διαιτολόγος πρότεινε σε ασθενή να τρώει τρία γεύματα τη μέρα για να χάσει βάρος και τον άκουσε.
διαιτολόγος.ασθενής.0.female.txt,Διαιτολόγος πρότεινε σε ασθενή να τρώει τρία γεύματα τη μέρα για να χάσει βάρος και την άκουσε.
διαιτολόγος.ασθενής.1.male.txt,Διαιτολόγος έδωσε σε ασθενή μια δίαιτα για να πετύχει τον στόχο του μέχρι το καλοκαίρι.
διαιτολόγος.ασθενής.1.female.txt,Διαιτολόγος έδωσε σε ασθενή μια δίαιτα για να πετύχει τον στόχο της μέχρι το καλοκαίρι.
μηχανικός.αφεντικό.0.male.txt,Μηχανικός κάλεσε το αφεντικό με σκοπό να ενημερώσει ότι είχε ολοκληρώσει την επισκευή που του είχε ανατεθεί .
μηχανικός.αφεντικό.0.female.txt,Μηχανικός κάλεσε το αφεντικό με σκοπό να ενημερώσει ότι είχε ολοκληρώσει την επισκευή που της είχε ανατεθεί .
μηχανικός.αφεντικό.1.male.txt,Μηχανικός κάλεσε το αφεντικό για να τον ενημερώσει ότι είχε ολοκληρώσει την επισκευή.
μηχανικός.αφεντικό.1.female.txt,Μηχανικός κάλεσε το αφεντικό για να την ενημερώσει ότι είχε ολοκληρώσει την επισκευή.
μέλος_επιστασίας.υπάλληλος.0.male.txt,Μέλος της επιστασίας προειδοποίησε υπάλληλο να μην πατήσει στο βρεγμένο πάτωμα γιατί θα τον ανάγκαζε να ξανασφουγγαρίσει.
μέλος_επιστασίας.υπάλληλος.0.female.txt,Μέλος της επιστασίας προειδοποίησε υπάλληλο να μην πατήσει στο βρεγμένο πάτωμα γιατί θα την ανάγκαζε να ξανασφουγγαρίσει.
μέλος_επιστασίας.υπάλληλος.1.male.txt,"Υπάλληλος προειδοποιήθηκε από μέλος της επιστασίας να μην πατήσει στο βρεγμένο πάτωμα του καταστήματος, αλλιώς θα έπρεπε να το σφουγγαρίσει ξανά από την αρχή, για αυτό και παρέμεινε στη θέση του."
μέλος_επιστασίας.υπάλληλος.1.female.txt,"Υπάλληλος προειδοποιήθηκε από μέλος της επιστασίας να μην πατήσει στο βρεγμένο πάτωμα του καταστήματος, αλλιώς θα έπρεπε να το σφουγγαρίσει ξανά από την αρχή, για αυτό και παρέμεινε στη θέση της."
ψυχολόγος.ασθενής.0.male.txt,Ψυχολόγος είπε σε ασθενή να του συμπληρώσει ένα ερωτηματολόγιο ώστε να μπορέσει να κάνει μια προκαταρκτική αξιολόγηση.
ψυχολόγος.ασθενής.0.female.txt,Ψυχολόγος είπε σε ασθενή να της συμπληρώσει ένα ερωτηματολόγιο ώστε να μπορέσει να κάνει μια προκαταρκτική αξιολόγηση.
ψυχολόγος.ασθενής.1.male.txt,Ψυχολόγος είπε σε ασθενή να συμπληρώσει ένα ερωτηματολόγιο ώστε να μπορέσει να του κάνει μια προκαταρκτική αξιολόγηση.
ψυχολόγος.ασθενής.1.female.txt,Ψυχολόγος είπε σε ασθενή να συμπληρώσει ένα ερωτηματολόγιο ώστε να μπορέσει να της κάνει μια προκαταρκτική αξιολόγηση.
γιατρός.ασθενής.0.male.txt,Γιατρός προειδοποίησε ασθενή ότι χρειαζόταν να ξεκουραστεί περισσότερο σύμφωνα με τη διάγνωσή του.
γιατρός.ασθενής.0.female.txt,Γιατρός προειδοποίησε ασθενή ότι χρειαζόταν να ξεκουραστεί περισσότερο σύμφωνα με τη διάγνωσή της.
γιατρός.ασθενής.1.male.txt,Γιατρός προειδοποίησε ασθενή ότι χρειαζόταν να ξεκουράζεται περισσότερο για να βελτιωθεί η υγεία του.
γιατρός.ασθενής.1.female.txt,Γιατρός προειδοποίησε ασθενή ότι χρειαζόταν να ξεκουράζεται περισσότερο για να βελτιωθεί η υγεία της.
ειδικός.ασθενής.0.male.txt,"Ειδικός δέχτηκε ασθενή στο γραφείο του, επειδή είχε εμφανίσει μια σπάνια δερματική πάθηση."
ειδικός.ασθενής.0.female.txt,"Ειδικός δέχτηκε ασθενή στο γραφείο της, επειδή είχε εμφανίσει μια σπάνια δερματική πάθηση."
ειδικός.ασθενής.1.male.txt,"Aσθενής παραπέμφθηκε σε ειδικό, γιατί του είχε εμφανιστεί μια σπάνια δερματική πάθηση."
ειδικός.ασθενής.1.female.txt,"Aσθενής παραπέμφθηκε σε ειδικό, γιατί της είχε εμφανιστεί μια σπάνια δερματική πάθηση."
επαγγελματίας_υγείας.ασθενής.0.male.txt,"Eπαγγελματίας υγείας έκανε κατ' οίκον επίσκεψη σε ασθενή, επειδή αφενός ένιωθε μια αίσθηση υποχρέωσης, αφετέρου ήταν καθήκον του."
επαγγελματίας_υγείας.ασθενής.0.female.txt,"Eπαγγελματίας υγείας έκανε κατ' οίκον επίσκεψη σε ασθενή, επειδή αφενός ένιωθε μια αίσθηση υποχρέωσης, αφετέρου ήταν καθήκον της."
επαγγελματίας_υγείας.ασθενής.1.male.txt,"Eπαγγελματίας υγείας έκανε κατ' οίκον επίσκεψη σε ασθενή, επειδή ένιωθε απέναντι του μια αίσθηση υποχρέωσης."
επαγγελματίας_υγείας.ασθενής.1.female.txt,"Eπαγγελματίας υγείας έκανε κατ' οίκον επίσκεψη σε ασθενή, επειδή ένιωθε απέναντι της μια αίσθηση υποχρέωσης."
ιατροδικαστής.πτώμα.0.male.txt,"Ιατροδικαστής επιθεώρησε το σώμα πτώματος για να προσδιορίσει την αιτία θανάτου, αλλά δεν μπόρεσε να βγάλει το πόρισμά του, γιατί ήταν υπερβολικά ακρωτηριασμένο."
ιατροδικαστής.πτώμα.0.female.txt,"Ιατροδικαστής επιθεώρησε το σώμα πτώματος για να προσδιορίσει την αιτία θανάτου, αλλά δεν μπόρεσε να βγάλει το πόρισμά της, γιατί ήταν υπερβολικά ακρωτηριασμένο."
ιατροδικαστής.πτώμα.1.male.txt,"Σώμα πτώματος επιθεωρήθηκε από ιατροδικαστή, προκειμένου να προσδιοριστεί η αιτία θανάτου του, αλλά δεν βγήκε κάποιο αποτέλεσμα γιατί ήταν υπερβολικά ακρωτηριασμένο."
ιατροδικαστής.πτώμα.1.female.txt,"Σώμα πτώματος επιθεωρήθηκε από ιατροδικαστή, προκειμένου να προσδιοριστεί η αιτία θανάτου της, αλλά δεν βγήκε κάποιο αποτέλεσμα γιατί ήταν υπερβολικά ακρωτηριασμένο."
γραμματέας.πελάτης.0.male.txt,"Γραμματέας ζήτησε από πελάτη να του υπογράψει το έγγραφο, ώστε να πάρει κάρτα επισκέπτη."
γραμματέας.πελάτης.0.female.txt,"Γραμματέας ζήτησε από πελάτη να της υπογράψει το έγγραφο, ώστε να πάρει κάρτα επισκέπτη."
γραμματέας.πελάτης.1.male.txt,"Γραμματέας ζήτησε από πελάτη να υπογράψει, ώστε να του δοθεί κάρτα επισκέπτη."
γραμματέας.πελάτης.1.female.txt,"Γραμματέας ζήτησε από πελάτη να υπογράψει, ώστε να της δοθεί κάρτα επισκέπτη."
σύμβουλος.πελάτης.0.male.txt,Σύμβουλος έλαβε σχόλια από πελάτη για τις διευθυντικές του ικανότητες.
σύμβουλος.πελάτης.0.female.txt,Σύμβουλος έλαβε σχόλια από πελάτη για τις διευθυντικές της ικανότητες.
σύμβουλος.πελάτης.1.male.txt,Σύμβουλος έλαβε σχόλια από πελάτη για τις εντυπώσεις που του άφησε η συνεργασία τους.
σύμβουλος.πελάτης.1.female.txt,Σύμβουλος έλαβε σχόλια από πελάτη για τις εντυπώσεις που της άφησε η συνεργασία τους.
επικεφαλής.πελάτης.0.male.txt,Επικεφαλής δέχτηκε αίτημα από πελάτη της επιχείρησής του να λύσει ένα πρόβλημα που προέκυψε.
επικεφαλής.πελάτης.0.female.txt,Επικεφαλής δέχτηκε αίτημα από πελάτη της επιχείρησής της να λύσει ένα πρόβλημα που προέκυψε.
επικεφαλής.πελάτης.1.male.txt,Επικεφαλής δέχτηκε αίτημα από πελάτη για να του λύσει το πρόβλημα.
επικεφαλής.πελάτης.1.female.txt,Επικεφαλής δέχτηκε αίτημα από πελάτη για να της λύσει το πρόβλημα.
ειδικός.ασθενής.0.male.txt,Ασθενής απευθύνθηκε σε ειδικό λόγω των ειδικών γνώσεών του σχετικά με τις δερματικές παθήσεις.
ειδικός.ασθενής.0.female.txt,Ασθενής απευθύνθηκε σε ειδικό λόγω των ειδικών γνώσεών της σχετικά με τις δερματικές παθήσεις.
ειδικός.ασθενής.1.male.txt,Ασθενής απευθύνθηκε σε ειδικό για ιατρικό του ζήτημα.
ειδικός.ασθενής.1.female.txt,Ασθενής απευθύνθηκε σε ειδικό για ιατρικό της ζήτημα.
ηλεκτρολόγος.κάτοικος.0.male.txt,Κάτοικος σπιτιού ζήτησε από ηλεκτρολόγο το τηλέφωνό του.
ηλεκτρολόγος.κάτοικος.0.female.txt,Κάτοικος σπιτιού ζήτησε από ηλεκτρολόγο το τηλέφωνό της.
ηλεκτρολόγος.κάτοικος.1.male.txt,Ηλεκτρολόγος προειδοποίησε κάτοικο σπιτιού να μην προχωρήσει ο ίδιος στην εγκατάσταση.
ηλεκτρολόγος.κάτοικος.1.female.txt,Ηλεκτρολόγος προειδοποίησε κάτοικο σπιτιού να μην προχωρήσει η ίδια στην εγκατάσταση.
εκπαιδευτικός.μέλος_σώματος_φοιτητών.0.male.txt,Εκπαιδευτικός ρωτήθηκε από μέλος του σώματος φοιτητών αν θα μπορούσε να δώσει παράταση στην εργασία για το μάθημά του.
εκπαιδευτικός.μέλος_σώματος_φοιτητών.0.female.txt,Εκπαιδευτικός ρωτήθηκε από μέλος του σώματος φοιτητών αν θα μπορούσε να δώσει παράταση στην εργασία για το μάθημά της.
εκπαιδευτικός.μέλος_σώματος_φοιτητών.1.male.txt,Εκπαιδευτικός ρωτήθηκε από μέλος του σώματος φοιτητών αν μπορούσε να τον περάσει στο μάθημα.
εκπαιδευτικός.μέλος_σώματος_φοιτητών.1.female.txt,Εκπαιδευτικός ρωτήθηκε από μέλος του σώματος φοιτητών αν μπορούσε να την περάσει στο μάθημα.
διδάσκαλος.μουσικός.0.male.txt,Διδάσκαλος ενθάρρυνε μουσικό να παρακολουθήσει τη διδασκαλία του.
διδάσκαλος.μουσικός.0.female.txt,Διδάσκαλος ενθάρρυνε μουσικό να παρακολουθήσει τη διδασκαλία της.
διδάσκαλος.μουσικός.1.male.txt,Μουσικός παρουσίασε την πρόοδο του σε διδάσκαλο.
διδάσκαλος.μουσικός.1.female.txt,Μουσικός παρουσίασε την πρόοδο της σε διδάσκαλο.
ειδικός_διατίμησης.πελάτης.0.male.txt,Πελάτης συνεχάρη ειδικό διατίμησης για την επιλογή του.
ειδικός_διατίμησης.πελάτης.0.female.txt,Πελάτης συνεχάρη ειδικό διατίμησης για την επιλογή της.
ειδικός_διατίμησης.πελάτης.1.male.txt,Ειδικός διατίμησης ισχυρίστηκε ότι πελάτης πλήρωσε πολλά για τον πίνακα που πήρε για τη συλλογή του.
ειδικός_διατίμησης.πελάτης.1.female.txt,Ειδικός διατίμησης ισχυρίστηκε ότι πελάτης πλήρωσε πολλά για τον πίνακα που πήρε για τη συλλογή της.
αποστολέας.μάρτυρας.0.male.txt,Μάρτυρας τηλεφώνησε στο 100 και μίλησε με αποστολέα που ισχυρίστηκε ότι έστελνε ο ίδιος βοήθεια.
αποστολέας.μάρτυρας.0.female.txt,Μάρτυρας τηλεφώνησε στο 100 και μίλησε με αποστολέα που ισχυρίστηκε ότι έστελνε η ίδια βοήθεια.
αποστολέας.μάρτυρας.1.male.txt,Μάρτυρας ενημερώθηκε από αποστολέα για την ημέρα της κατάθεσής του.
αποστολέας.μάρτυρας.1.female.txt,Μάρτυρας ενημερώθηκε από αποστολέα για την ημέρα της κατάθεσής της.
ταμίας.πελάτης.0.male.txt,Πελάτης παραπονέθηκε σε ταμία για τη συμπεριφορά του.
ταμίας.πελάτης.0.female.txt,Πελάτης παραπονέθηκε σε ταμία για τη συμπεριφορά της.
ταμίας.πελάτης.1.male.txt,Ταμίας είπε σε πελάτη ότι δεν έγινε δεκτή η πιστωτική του κάρτα.
ταμίας.πελάτης.1.female.txt,Ταμίας είπε σε πελάτη ότι δεν έγινε δεκτή η πιστωτική της κάρτα.
διαιτολόγος.πελάτης.0.male.txt,Πελάτης ζήτησε από διαιτολόγο τη συμβουλή του.
διαιτολόγος.πελάτης.0.female.txt,Πελάτης ζήτησε από διαιτολόγο τη συμβουλή της.
διαιτολόγος.πελάτης.1.male.txt,Διαιτολόγος ενθάρρυνε πελάτη να αυξήσει τις μερίδες του.
διαιτολόγος.πελάτης.1.female.txt,Διαιτολόγος ενθάρρυνε πελάτη να αυξήσει τις μερίδες της.
τεχνικός.πελάτης.0.male.txt,Τεχνικός είπε σε πελάτη ότι ολοκλήρωσε την εργασία του.
τεχνικός.πελάτης.0.female.txt,Τεχνικός είπε σε πελάτη ότι ολοκλήρωσε την εργασία της.
τεχνικός.πελάτης.1.male.txt,Τεχνικός είπε σε πελάτη ότι ολοκλήρωσε την εργασία στο σπίτι του.
τεχνικός.πελάτης.1.female.txt,Τεχνικός είπε σε πελάτη ότι ολοκλήρωσε την εργασία στο σπίτι της.
υπάλληλος.πολίτης.0.male.txt,Υπάλληλος προώθησε έγγραφα σε πολίτη να του τα συμπληρώσει.
υπάλληλος.πολίτης.0.female.txt,Υπάλληλος προώθησε έγγραφα σε πολίτη να της τα συμπληρώσει.
υπάλληλος.πολίτης.1.male.txt,Υπάλληλος προώθησε έγγραφα σε πολίτη να συμπληρωθούν από αυτόν.
υπάλληλος.πολίτης.1.female.txt,Υπάλληλος προώθησε έγγραφα σε πολίτη να συμπληρωθούν από αυτήν.
μηχανικός.πελάτης.0.male.txt,Μηχανικός ενημέρωσε πελάτη πως θα ολοκληρώσει την δουλεία του στο αμάξι το πρωί.
μηχανικός.πελάτης.0.female.txt,Μηχανικός ενημέρωσε πελάτη πως θα ολοκληρώσει την δουλεία της στο αμάξι το πρωί.
μηχανικός.πελάτης.1.male.txt,Μηχανικός ενημέρωσε πελάτη ότι το αμάξι του θα είναι έτοιμο το πρωί.
μηχανικός.πελάτης.1.female.txt,Μηχανικός ενημέρωσε πελάτη ότι το αμάξι της θα είναι έτοιμο το πρωί.
εργολάβος.πελάτης.0.male.txt,Εργολάβος είπε σε πελάτη να στέκεται τουλάχιστον 30 μέτρα μακριά από το εργοτάξιό του.
εργολάβος.πελάτης.0.female.txt,Εργολάβος είπε σε πελάτη να στέκεται τουλάχιστον 30 μέτρα μακριά από το εργοτάξιό της.
εργολάβος.πελάτης.1.male.txt,Εργολάβος είπε σε πελάτη να στέκεται τουλάχιστον 30 μέτρα μακριά από το εργοτάξιο για την δική του ασφάλεια.
εργολάβος.πελάτης.1.female.txt,Εργολάβος είπε σε πελάτη να στέκεται τουλάχιστον 30 μέτρα μακριά από το εργοτάξιο για την δική της ασφάλεια.
παθολόγος.θύμα.0.male.txt,Παθολόγος διατήρησε δείγμα ιστού από θύμα για να το εξετάσει στο μικροσκόπιο του.
παθολόγος.θύμα.0.female.txt,Παθολόγος διατήρησε δείγμα ιστού από θύμα για να το εξέτάσει στο μικροσκόπιο της.
παθολόγος.θύμα.1.male.txt,Ζητήθηκε από θύμα να διατηρήσει παθολόγος δείγμα ιστού του για να το εξετάσει.
παθολόγος.θύμα.1.female.txt,Ζητήθηκε από θύμα να διατηρήσει παθολόγος δείγμα ιστού της για να το εξετάσει.
παιδαγωγός.παιδί.0.male.txt,Παιδαγωγός ενθάρρυνε παιδί στην τάξη του να θέσει υψηλούς στόχους.
παιδαγωγός.παιδί.0.female.txt,Παιδαγωγός ενθάρρυνε παιδί στην τάξη της να θέσει υψηλούς στόχους.
παιδαγωγός.παιδί.1.male.txt,Παιδαγωγός ενθάρρυνε παιδί να ακολουθήσει τα όνειρα του.
παιδαγωγός.παιδί.1.female.txt,Παιδαγωγός ενθάρρυνε παιδί να ακολουθήσει τα όνειρα της.
διατροφολόγος.πελάτης.0.male.txt,Διατροφολόγος εξήγησε σε πελάτη την άποψη του ότι η δίαιτα και η άσκηση είναι εξίσου σημαντικά.
διατροφολόγος.πελάτης.0.female.txt,Διατροφολόγος εξήγησε σε πελάτη την άποψη της ότι η δίαιτα και η άσκηση είναι εξίσου σημαντικά.
διατροφολόγος.πελάτης.1.male.txt,Διατροφολόγος εξήγησε σε πελάτη ότι η δίατροφή του και η άσκηση είναι εξίσου σημαντικά.
διατροφολόγος.πελάτης.1.female.txt,Διατροφολόγος εξήγησε σε πελάτη ότι η δίατροφή της και η άσκηση είναι εξίσου σημαντικά.
χειρουργός.παιδί.0.male.txt,Χειρούργος εγχείρησε παιδί με όλη του την προσοχή; ο όγκος είχε μεγαλώσει με τον καιρό.
χειρουργός.παιδί.0.female.txt,Χειρούργος εγχείρησε παιδί με όλη της την προσοχή; ο όγκος είχε μεγαλώσει με τον καιρό.
χειρουργός.παιδί.1.male.txt,Χειρούργος εγχείρησε παιδί με ύψιστη προσοχή; ο όγκος του είχε μεγαλώσει με τον καιρό.
χειρουργός.παιδί.1.female.txt,Χειρούργος εγχείρησε παιδί με ύψιστη προσοχή; ο όγκος της είχε μεγαλώσει με τον καιρό.
διαιτολόγος.πελάτης.0.male.txt,"Διαιτολόγος ενθάρρυνε πελάτη να τρώει τρία ίσα γεύματα την μέρα, συμβουλή που ο ίδιος δίνει σε όλους."
διαιτολόγος.πελάτης.0.female.txt,"Διαιτολόγος ενθάρρυνε πελάτη να τρώει τρία ίσα γεύματα την μέρα, συμβουλή που η ίδια δίνει σε όλους."
διαιτολόγος.πελάτης.1.male.txt,Διατολόγος ενθάρρυνε πελάτη να χωρίσει τα γευματά του σε τρία τη μέρα.
διαιτολόγος.πελάτης.1.female.txt,Διατολόγος ενθάρρυνε πελάτη να να χωρίσει τα γευματά της σε τρία τη μέρα.
έμπορος.πελάτης.0.male.txt,Έμπορος τηλεφώνησε πελάτη επειδή είχε στο απόθεμα του νέα πράγματα να προτείνει.
έμπορος.πελάτης.0.female.txt,Έμπορος τηλεφώνησε πελάτη επειδή είχε στο απόθεμα της νέα πράγματα να προτείνει.
έμπορος.πελάτης.1.male.txt,Έμπορος τηλεφώνησε πελάτη να του προτείνει νέα προϊόντα.
έμπορος.πελάτης.1.female.txt,Έμπορος τηλεφώνησε πελάτη να της προτείνει νέα προϊόντα.
οικονομικός_σύμβουλος.πελάτης.0.male.txt,Οικονομικός σύμβουλος συνάντησε πολίτη που ήθελε τις συμβουλές του για την υποβολή της φορολογικής δήλωσης.
οικονομικός_σύμβουλος.πελάτης.0.female.txt,Οικονομικός σύμβουλος συνάντησε πολίτη που ήθελε τις συμβουλές της για την υποβολή της φορολογικής δήλωσης.
οικονομικός_σύμβουλος.πελάτης.1.male.txt,Πολίτης συναντήθηκε με οικονομικό σύμβουλο για να λάβει βοήθεια για την υποβολή της φορολογικής του δήλωσης.
οικονομικός_σύμβουλος.πελάτης.1.female.txt,Πολίτης συναντήθηκε με οικονομικό σύμβουλο για να λάβει βοήθεια για την υποβολή της φορολογικής της δήλωσης.
μηχανικός.πελάτης.0.male.txt,Μηχανικός ενημέρωσε πελάτη ότι θα χρειαζόταν περισσότερο χρόνο για να ολοκληρώσει το έργο που του ανέθεσε.
μηχανικός.πελάτης.0.female.txt,Μηχανικός ενημέρωσε πελάτη ότι θα χρειαζόταν περισσότερο χρόνο για να ολοκληρώσει το έργο που της ανέθεσε.
μηχανικός.πελάτης.1.male.txt,Πελάτης ενημερώθηκε από μηχανικό ότι θα χρειαζόταν περισσότερο χρόνο για να ολοκληρώσει τη δουλειά που ήθελε να του κάνει. 
μηχανικός.πελάτης.1.female.txt,Πελάτης ενημερώθηκε από μηχανικό ότι θα χρειαζόταν περισσότερο χρόνο για να ολοκληρώσει τη δουλειά που ήθελε να της κάνει. 
ψυχολόγος.παιδί.0.male.txt,Ψυχολόγος έδωσε την εντύπωση σε παιδί ότι μπορεί να τον εμπιστευτεί.
ψυχολόγος.παιδί.0.female.txt,Ψυχολόγος έδωσε την εντύπωση σε παιδί ότι μπορεί να την εμπιστευτεί.
ψυχολόγος.παιδί.1.male.txt,Παιδί εμπιστεύτηκε ψυχολόγο γιατί του φάνηκε έμπιστο άτομο.
ψυχολόγος.παιδί.1.female.txt,Παιδί εμπιστεύτηκε ψυχολόγο γιατί της φάνηκε έμπιστο άτομο.
στέλεχος.υπάλληλος.0.male.txt,Διοικητικό στέλεχος έλαβε τη λίστα υπογραφών που είχε ζητήσει από υπάλληλο να συλλέξει για λογαριασμό του.
στέλεχος.υπάλληλος.0.female.txt,Διοικητικό στέλεχος έλαβε τη λίστα υπογραφών που είχε ζητήσει από υπάλληλο να συλλέξει για λογαριασμό της.
στέλεχος.υπάλληλος.1.male.txt,Υπάλληλος υπέβαλε σε διοικητικό στέλεχος τη λίστα υπογραφών που του ζητήθηκε να συλλέξει.
στέλεχος.υπάλληλος.1.female.txt,Υπάλληλος υπέβαλε σε διοικητικό στέλεχος τη λίστα υπογραφών που της ζητήθηκε να συλλέξει.
ψυχολόγος.πελάτης.0.male.txt,Ψυχολόγος ζήτησε από πελάτη να συμπληρώσει ένα ερωτηματολόγιο για να μπορέσει να δώσει πιο γρήγορα την αξιολόγησή του.
ψυχολόγος.πελάτης.0.female.txt,Ψυχολόγος ζήτησε από πελάτη να συμπληρώσει ένα ερωτηματολόγιο για να μπορέσει να δώσει πιο γρήγορα την αξιολόγησή της.
ψυχολόγος.πελάτης.1.male.txt,Ψυχολόγος ζήτησε από πελάτη να συμπληρώσει ένα ερωτηματολόγιο για να μπορέσει να τον αξιολογήσει γρήγορα.
ψυχολόγος.πελάτης.1.female.txt,Ψυχολόγος ζήτησε από πελάτη να συμπληρώσει ένα ερωτηματολόγιο για να μπορέσει να την αξιολογήσει γρήγορα.
δικηγόρος.εγκληματίας.0.male.txt,Δικηγόρος ανέκρινε εγκληματία και άσκησε πίεση με τις ερωτήσεις του.
δικηγόρος.εγκληματίας.0.female.txt,Δικηγόρος ανέκρινε εγκληματία και άσκησε πίεση με τις ερωτήσεις της.
δικηγόρος.εγκληματίας.1.male.txt,Δικηγόρος ανέκρινε εγκληματία και τον πίεσε μέχρι να λυγίσει.
δικηγόρος.εγκληματίας.1.female.txt,Δικηγόρος ανέκρινε εγκληματία και την πίεσε μέχρι να λυγίσει.
πολιτικός_μηχανικός.κάτοικος.0.male.txt,Κάτοικος ανακοίνωσε σε πολιτικό μηχανικό ότι όλα τα άτομα της κοινότητας επιθυμούν να βγάλει το αεροδρόμιο από τα σχέδιά του.
πολιτικός_μηχανικός.κάτοικος.0.female.txt,Κάτοικος ανακοίνωσε σε πολιτικό μηχανικό ότι όλα τα άτομα της κοινότητας επιθυμούν να βγάλει το αεροδρόμιο από τα σχέδιά της.
πολιτικός_μηχανικός.κάτοικος.1.male.txt,Πολιτικός μηχανικός μίλησε με κάτοικο που είπε ότι κανείς από την κοινότητά του δεν ήθελε αεροδρόμιο εκεί κοντά.
πολιτικός_μηχανικός.κάτοικος.1.female.txt,Πολιτικός μηχανικός μίλησε με κάτοικο που είπε ότι κανείς από την κοινότητά της δεν ήθελε αεροδρόμιο εκεί κοντά.
οδοντίατρος.ασθενής.0.male.txt,Οδοντίατρος είπε σε ασθενή ότι έπρεπε να κάνει πλήρη ακτινογραφία στόματος για να μπορέσει να συνεχίσει τη δουλειά του.
οδοντίατρος.ασθενής.0.female.txt,Οδοντίατρος είπε σε ασθενή ότι έπρεπε να κάνει πλήρη ακτινογραφία στόματος για να μπορέσει να συνεχίσει τη δουλειά της.
οδοντίατρος.ασθενής.1.male.txt,Οδοντίατρος είπε σε ασθενή ότι έπρεπε να κάνει πλήρη ακτινογραφία του στόματός του.
οδοντίατρος.ασθενής.1.female.txt,Οδοντίατρος είπε σε ασθενή ότι έπρεπε να κάνει πλήρη ακτινογραφία του στόματός της.
επιστήμονας.υπάλληλος.0.male.txt,Επιστήμονας έλαβε αίτηση από υπάλληλο που θέλει να συμμετάσχει στο πείραμά του στο εργαστήριο.
επιστήμονας.υπάλληλος.0.female.txt,Επιστήμονας έλαβε αίτηση από υπάλληλο που θέλει να συμμετάσχει στο πείραμά της στο εργαστήριο.
επιστήμονας.υπάλληλος.1.male.txt,Υπαλληλος έκανε αίτηση να συνεργαστεί με επιστήμονα γιατί ήθελε να αυξήσει την εμπειρία του στο εργαστήριο.
επιστήμονας.υπάλληλος.1.female.txt,Υπαλληλος έκανε αίτηση να συνεργαστεί με επιστήμονα γιατί ήθελε να αυξήσει την εμπειρία της στο εργαστήριο.
ταμίας.πελάτης.0.male.txt,Πελάτης πληροφορήθηκε από ταμία ότι το κατάστημά του δεν δέχεται πιστωτική για αγορές κάτω των δέκα δολαρίων.
ταμίας.πελάτης.0.female.txt,Πελάτης πληροφορήθηκε από ταμία ότι το κατάστημά της δεν δέχεται πιστωτική για αγορές κάτω των δέκα δολαρίων.
ταμίας.πελάτης.1.male.txt,Ταμίας είπε σε πελάτη ότι δεν μπορούσε να χρησιμοποιήσει την πιστωτική του κάρτα για αγορές κάτω των δέκα δολαρίων.
ταμίας.πελάτης.1.female.txt,Ταμίας είπε σε πελάτη ότι δεν μπορούσε να χρησιμοποιήσει την πιστωτική της κάρτα για αγορές κάτω των δέκα δολαρίων.
εκπαιδευτικός.γονιός.0.male.txt,Εκπαιδευτικός συνανήθηκε με γονιό που τον ρώτησε για την πρόοδο μαθητή.
εκπαιδευτικός.γονιός.0.female.txt,Εκπαιδευτικός συνανήθηκε με γονιό που τη ρώτησε για την πρόοδο μαθητή.
εκπαιδευτικός.γονιός.1.male.txt,Εκπαιδευτικός συζήτησε με γονιό την πρόοδο του παιδιού του.
εκπαιδευτικός.γονιός.1.female.txt,Εκπαιδευτικός συζήτησε με γονιό την πρόοδο του παιδιού της.
υπάλληλος.πελάτης.0.male.txt,Πελάτης έδωσε σε υπάλληλο το συμπληρωμένο έντυπο για να κάνει τη δουλειά του. 
υπάλληλος.πελάτης.0.female.txt,Πελάτης έδωσε σε υπάλληλο το συμπληρωμένο έντυπο για να κάνει τη δουλειά της. 
υπάλληλος.πελάτης.1.male.txt,Υπάλληλος ζήτησε από πελάτη να συμπληρώσει τα στοιχεία του.
υπάλληλος.πελάτης.1.female.txt,Υπάλληλος ζήτησε από πελάτη να συμπληρώσει τα στοιχεία της.
ψυχολόγος.ασθενής.0.male.txt,Ασθενής ζήτησε από ψυχολόγο την αξιολόγησή του.
ψυχολόγος.ασθενής.0.female.txt,Ασθενής ζήτησε από ψυχολόγο την αξιολόγησή της.
ψυχολόγος.ασθενής.1.male.txt,Ψυχολόγος ζήτησε από ασθενή να συμπληρώσει ερωτηματολόγιο για να του κάνει μια προκαταρκτική αξιολόγηση.
ψυχολόγος.ασθενής.1.female.txt,Ψυχολόγος ζήτησε από ασθενή να συμπληρώσει ερωτηματολόγιο για να της κάνει μια προκαταρκτική αξιολόγηση.
γιατρός.ασθενής.0.male.txt,Γιατρός προέτρεψε ασθενή να ακολουθήσει τη συμβουλή του.
γιατρός.ασθενής.0.female.txt,Γιατρός προέτρεψε ασθενή να ακολουθήσει τη συμβουλή της.
γιατρός.ασθενής.1.male.txt,Ασθενής ζήτησε από γιατρό να αυξήσει τη δόση του.
γιατρός.ασθενής.1.female.txt,Ασθενής ζήτησε από γιατρό να αυξήσει τη δόση της.
εργολάβος.πελάτης.0.male.txt,Εργολάβος εξήγησε σε πελάτη τη λύση του για το πρόβλημα.
εργολάβος.πελάτης.0.female.txt,Εργολάβος εξήγησε σε πελάτη τη λύση της για το πρόβλημα.
εργολάβος.πελάτης.1.male.txt,Εργολάβος προειδοποίησε πελάτη για το ρίσκο του αιτήματός του.
εργολάβος.πελάτης.1.female.txt,Εργολάβος προειδοποίησε πελάτη για το ρίσκο του αιτήματός της.
υδραυλικός.πελάτης.0.male.txt,Πελάτης κάλεσε υδραυλικό και ζήτησε τις υπηρεσίες του.
υδραυλικός.πελάτης.0.female.txt,Πελάτης κάλεσε υδραυλικό και ζήτησε τις υπηρεσίες της.
υδραυλικός.πελάτης.1.male.txt,Πελάτης κάλεσε υδραυλικό και εξήγησε το πρόβλημά του.
υδραυλικός.πελάτης.1.female.txt,Πελάτης κάλεσε υδραυλικό και εξήγησε το πρόβλημά της.
γιατρός.ασθενής.0.male.txt,Γιατρός έκανε ΚΑΡΠΑ σε ασθενή που χρειάστηκε την βοήθειά του.
γιατρός.ασθενής.0.female.txt,Γιατρός έκανε ΚΑΡΠΑ σε ασθενή που χρειάστηκε την βοήθειά της.
γιατρός.ασθενής.1.male.txt,Γιατρός έκανε ΚΑΡΠΑ σε ασθενή που έχασε τις αισθήσεις του.
γιατρός.ασθενής.1.female.txt,Γιατρός έκανε ΚΑΡΠΑ σε ασθενή που έχασε τις αισθήσεις της.
υπάλληλος.πελάτης.0.male.txt,Πελάτης ευχαρίστησε υπάλληλο που προσέφερε τις υπηρεσίες του.
υπάλληλος.πελάτης.0.female.txt,Πελάτης ευχαρίστησε υπάλληλο που προσέφερε τις υπηρεσίες της.
υπάλληλος.πελάτης.1.male.txt,Υπάλληλος ενημέρωσε πελάτη πως δεν έγινε δεκτή η πληρωμή του.
υπάλληλος.πελάτης.1.female.txt,Υπάλληλος ενημέρωσε πελάτη πως δεν έγινε δεκτή η πληρωμή της.
ελεγκτής.επιβάτης.0.male.txt,Ελεγκτής έδειξε σε επιβάτη το σήμα του.
ελεγκτής.επιβάτης.0.female.txt,Ελεγκτής έδειξε σε επιβάτη το σήμα της.
ελεγκτής.επιβάτης.1.male.txt,Ελεγκτής ζήτησε από επιβάτη το εισιτήριό του.
ελεγκτής.επιβάτης.1.female.txt,Ελεγκτής ζήτησε από επιβάτη το εισιτήριό της.
έμπορος.πελάτης.0.male.txt,Έμπορος προσέφερε σε πελάτη τη συμβουλή του μέσω τηλεφώνου.
έμπορος.πελάτης.0.female.txt,Έμπορος προσέφερε σε πελάτη τη συμβουλή της μέσω τηλεφώνου.
έμπορος.πελάτης.1.male.txt,Πελάτης ζήτησε συμβουλές από έμπορο για τις επενδύσεις του.
έμπορος.πελάτης.1.female.txt,Πελάτης ζήτησε συμβουλές από έμπορο για τις επενδύσεις της.
γιατρός.ασθενής.0.male.txt,Ασθενής κάλεσε γιατρό και ζήτησε επειγόντως τη γνώμη του.
γιατρός.ασθενής.0.female.txt,Ασθενής κάλεσε γιατρό και ζήτησε επειγόντως τη γνώμη της.
γιατρός.ασθενής.1.male.txt,Γιατρός συμβούλεψε ασθενή να πάρει το φάρμακό του.
γιατρός.ασθενής.1.female.txt,Γιατρός συμβούλεψε ασθενή να πάρει το φάρμακό της.